geo_id,departamento_id,municipio_id,department_key,municipality_key,departamento,municipio,total votantes,total votos reportados,siglas candidato ganador,votos candidato ganador,porcentaje de votos con los que gana
91263,91,263,amazonas,el encanto,AMAZONAS,el encanto,271,270,ICC,216,"80,00%"
91405,91,405,amazonas,la chorrera,AMAZONAS,la chorrera,587,583,ICC,544,"92,99%"
91407,91,407,amazonas,la pedrera,AMAZONAS,la pedrera,405,397,ICC,327,"81,75%"
91430,91,430,amazonas,pacoa,AMAZONAS,la victoria,29,28,ICC,28,"96,55%"
91001,91,001,amazonas,leticia,AMAZONAS,leticia,20991,20314,ICC,10415,"50,27%"
91460,91,460,amazonas,miriti parana,AMAZONAS,miriti-parana,96,94,ICC,89,"92,70%"
91530,91,530,amazonas,puerto alegria,AMAZONAS,puerto alegria,112,112,ICC,94,"83,92%"
91536,91,536,amazonas,puerto arica,AMAZONAS,puerto arica,190,190,ICC,163,"85,78%"
91540,91,540,amazonas,puerto narino,AMAZONAS,puerto narino,2243,2161,ICC,1629,"73,91%"
91669,91,669,amazonas,puerto santander,AMAZONAS,puerto santander,133,130,ICC,93,"70,45%"
91798,91,798,amazonas,tarapaca,AMAZONAS,tarapaca,500,469,ICC,356,"72,06%"
05002,05,002,antioquia,abejorral,ANTIOQUIA,abejorral,7590,7359,AE,4191,"56,08%"
05004,05,004,antioquia,abriaqui,ANTIOQUIA,abriaqui,1097,1061,AE,592,"54,96%"
05021,05,021,antioquia,alejandria,ANTIOQUIA,alejandria,2760,2694,AE,1811,"66,48%"
05030,05,030,antioquia,amaga,ANTIOQUIA,amaga,13229,12635,AE,6531,"50,37%"
05031,05,031,antioquia,amalfi,ANTIOQUIA,amalfi,6760,6425,AE,4087,"61,39%"
05034,05,034,antioquia,andes,ANTIOQUIA,andes,17719,17305,AE,10148,"57,82%"
05036,05,036,antioquia,angelopolis,ANTIOQUIA,angelopolis,2955,2834,AE,1619,"55,84%"
05038,05,038,antioquia,angostura,ANTIOQUIA,angostura,3667,3350,AE,1816,"52,21%"
05040,05,040,antioquia,anori,ANTIOQUIA,anori,3813,3615,AE,1811,"48,19%"
05042,05,042,antioquia,santa fe de antioquia,ANTIOQUIA,santafe de antioquia,12290,11742,AE,5907,"48,98%"
05044,05,044,antioquia,anza,ANTIOQUIA,anza,2953,2854,AE,1811,"62,42%"
05045,05,045,antioquia,apartado,ANTIOQUIA,apartado,54916,52991,ICC,32102,"59,03%"
05051,05,051,antioquia,arboletes,ANTIOQUIA,arboletes,9852,9680,AE,4837,"49,49%"
05055,05,055,antioquia,argelia antioquia,ANTIOQUIA,argelia,3202,3123,AE,1946,"61,50%"
05059,05,059,antioquia,armenia antioquia,ANTIOQUIA,armenia,2305,2223,AE,1311,"58,11%"
05079,05,079,antioquia,barbosa antioquia,ANTIOQUIA,barbosa,24555,23299,AE,11617,"48,43%"
05088,05,088,antioquia,bello,ANTIOQUIA,bello,228294,220999,AE,116690,"51,71%"
05086,05,086,antioquia,belmira,ANTIOQUIA,belmira,2771,2660,AE,1611,"59,03%"
05091,05,091,antioquia,betania,ANTIOQUIA,betania,3661,3564,AE,2365,"65,38%"
05093,05,093,antioquia,betulia antioquia,ANTIOQUIA,betulia,5703,5501,AE,3581,"64,04%"
05101,05,101,antioquia,ciudad bolivar,ANTIOQUIA,ciudad bolivar,11908,11570,AE,7523,"64,03%"
05107,05,107,antioquia,briceno antioquia,ANTIOQUIA,briceno,1888,1758,AE,1022,"56,27%"
05113,05,113,antioquia,buritica,ANTIOQUIA,buritica,3527,3363,AE,1749,"50,40%"
05120,05,120,antioquia,caceres,ANTIOQUIA,caceres,6491,6213,ICC,3635,"57,10%"
05125,05,125,antioquia,caicedo,ANTIOQUIA,caicedo,3096,2937,AE,1363,"45,31%"
05129,05,129,antioquia,caldas antioquia,ANTIOQUIA,caldas,47528,45471,AE,22385,"48,04%"
05134,05,134,antioquia,campamento,ANTIOQUIA,campamento,2074,1967,AE,1131,"55,68%"
05138,05,138,antioquia,canasgordas,ANTIOQUIA,canasgordas,7586,7387,AE,4258,"56,79%"
05142,05,142,antioquia,caracoli,ANTIOQUIA,caracoli,1991,1936,AE,1129,"57,45%"
05145,05,145,antioquia,caramanta,ANTIOQUIA,caramanta,2420,2357,AE,1168,"48,97%"
05147,05,147,antioquia,carepa,ANTIOQUIA,carepa,22386,21521,ICC,12538,"56,72%"
05148,05,148,antioquia,el carmen de viboral,ANTIOQUIA,el carmen de viboral,34724,33694,AE,19259,"56,20%"
05150,05,150,antioquia,carolina,ANTIOQUIA,carolina,2402,2322,AE,1350,"57,08%"
05154,05,154,antioquia,caucasia,ANTIOQUIA,caucasia,37632,36043,ICC,18877,"50,99%"
05172,05,172,antioquia,chigorodo,ANTIOQUIA,chigorodo,24689,23707,ICC,13171,"54,10%"
05190,05,190,antioquia,cisneros,ANTIOQUIA,cisneros,6693,6422,AE,3523,"53,54%"
05197,05,197,antioquia,cocorna,ANTIOQUIA,cocorna,8811,8564,AE,5912,"68,19%"
05206,05,206,antioquia,concepcion antioquia,ANTIOQUIA,concepcion,2761,2678,AE,1902,"69,92%"
05209,05,209,antioquia,concordia antioquia,ANTIOQUIA,concordia,6872,6601,AE,4234,"62,59%"
05212,05,212,antioquia,copacabana,ANTIOQUIA,copacabana,46373,44789,AE,23129,"50,55%"
05234,05,234,antioquia,dabeiba,ANTIOQUIA,dabeiba,7842,7558,AE,3711,"48,18%"
05237,05,237,antioquia,donmatias,ANTIOQUIA,don matias,9894,9507,AE,6501,"66,76%"
05240,05,240,antioquia,ebejico,ANTIOQUIA,ebejico,5640,5450,AE,3233,"58,33%"
05250,05,250,antioquia,el bagre,ANTIOQUIA,el bagre,13919,13082,ICC,6230,"46,16%"
05264,05,264,antioquia,entrerrios,ANTIOQUIA,entrerrios,5842,5627,AE,3765,"65,23%"
05266,05,266,antioquia,envigado,ANTIOQUIA,envigado,164295,161366,AE,106750,"65,40%"
05282,05,282,antioquia,fredonia,ANTIOQUIA,fredonia,8864,8524,AE,4536,"52,17%"
05284,05,284,antioquia,frontino,ANTIOQUIA,frontino,6669,6399,AE,3173,"48,46%"
05306,05,306,antioquia,giraldo,ANTIOQUIA,giraldo,2869,2773,AE,1446,"50,98%"
05308,05,308,antioquia,girardota,ANTIOQUIA,girardota,32202,30873,AE,16081,"50,84%"
05310,05,310,antioquia,gomez plata,ANTIOQUIA,gomez plata,4741,4537,AE,2944,"63,24%"
05313,05,313,antioquia,granada antioquia,ANTIOQUIA,granada,5971,5853,AE,4553,"77,09%"
05315,05,315,antioquia,guadalupe,ANTIOQUIA,guadalupe,2303,2157,AE,1028,"45,64%"
05318,05,318,antioquia,guarne,ANTIOQUIA,guarne,32368,31353,AE,18974,"59,38%"
05321,05,321,antioquia,guatape,ANTIOQUIA,guatape,5982,5874,AE,3883,"65,35%"
05347,05,347,antioquia,heliconia,ANTIOQUIA,heliconia,2924,2803,AE,1471,"51,30%"
05353,05,353,antioquia,hispania,ANTIOQUIA,hispania,2620,2560,AE,1620,"62,47%"
05360,05,360,antioquia,itagui,ANTIOQUIA,itagui,163596,158784,AE,90656,"56,06%"
05361,05,361,antioquia,ituango,ANTIOQUIA,ituango,4928,4498,AE,2001,"42,25%"
05364,05,364,antioquia,jardin,ANTIOQUIA,jardin,8601,8401,AE,4799,"56,26%"
05368,05,368,antioquia,jerico antioquia,ANTIOQUIA,jerico,7001,6763,AE,4143,"60,09%"
05376,05,376,antioquia,la ceja,ANTIOQUIA,la ceja,46829,45540,AE,27398,"59,26%"
05380,05,380,antioquia,la estrella,ANTIOQUIA,la estrella,42562,41264,AE,22579,"53,69%"
05390,05,390,antioquia,la pintada,ANTIOQUIA,la pintada,3779,3627,AE,1908,"51,44%"
05400,05,400,antioquia,la union antioquia,ANTIOQUIA,la union,14120,13614,AE,7448,"53,53%"
05411,05,411,antioquia,liborina,ANTIOQUIA,liborina,4861,4749,AE,3029,"62,99%"
05425,05,425,antioquia,maceo,ANTIOQUIA,maceo,4441,4308,AE,2517,"57,47%"
05440,05,440,antioquia,marinilla,ANTIOQUIA,marinilla,38613,37712,AE,23357,"61,11%"
05001,05,001,antioquia,medellin,ANTIOQUIA,medellin,1241123,1204277,AE,676358,"55,09%"
05467,05,467,antioquia,montebello,ANTIOQUIA,montebello,3363,3232,AE,1580,"48,03%"
05475,05,475,antioquia,murindo,ANTIOQUIA,murindo,1634,1618,ICC,1491,"92,03%"
05480,05,480,antioquia,mutata,ANTIOQUIA,mutata,5876,5680,ICC,3065,"53,01%"
05483,05,483,antioquia,narino antioquia,ANTIOQUIA,narino,3797,3699,AE,2383,"63,54%"
05495,05,495,antioquia,nechi,ANTIOQUIA,nechi,6422,6253,AE,3241,"50,98%"
05490,05,490,antioquia,necocli,ANTIOQUIA,necocli,15610,15059,AE,7488,"48,70%"
05501,05,501,antioquia,olaya,ANTIOQUIA,olaya,1634,1594,AE,938,"57,93%"
05541,05,541,antioquia,el penol,ANTIOQUIA,el penol,11862,11603,AE,7725,"65,74%"
05543,05,543,antioquia,peque,ANTIOQUIA,peque,3060,2963,AE,1188,"39,24%"
05576,05,576,antioquia,pueblorrico,ANTIOQUIA,pueblorrico,3650,3573,AE,2251,"62,33%"
05579,05,579,antioquia,puerto berrio,ANTIOQUIA,puerto berrio,15021,14446,AE,7444,"50,41%"
05585,05,585,antioquia,puerto nare,ANTIOQUIA,puerto nare,5883,5724,ICC,2584,"44,59%"
05591,05,591,antioquia,puerto triunfo,ANTIOQUIA,puerto triunfo,7980,7695,AE,4688,"59,77%"
05604,05,604,antioquia,remedios,ANTIOQUIA,remedios,8062,7616,ICC,3584,"45,26%"
05607,05,607,antioquia,retiro,ANTIOQUIA,retiro,17666,17396,AE,11323,"64,49%"
05615,05,615,antioquia,rionegro antioquia,ANTIOQUIA,rionegro,100692,98406,AE,58712,"58,87%"
05628,05,628,antioquia,sabanalarga antioquia,ANTIOQUIA,sabanalarga,3546,3452,AE,2116,"60,33%"
05631,05,631,antioquia,sabaneta,ANTIOQUIA,sabaneta,71369,70068,AE,43977,"61,98%"
05642,05,642,antioquia,salgar,ANTIOQUIA,salgar,5823,5696,AE,4025,"69,97%"
05647,05,647,antioquia,san andres de cuerquia,ANTIOQUIA,san andres de cuerquia,2335,2130,AE,1202,"53,73%"
05649,05,649,antioquia,san carlos antioquia,ANTIOQUIA,san carlos,8801,8609,AE,5447,"62,45%"
05652,05,652,antioquia,san francisco antioquia,ANTIOQUIA,san francisco,2827,2758,AE,1686,"60,58%"
05656,05,656,antioquia,san jeronimo,ANTIOQUIA,san jeronimo,7670,7421,AE,4532,"59,89%"
05658,05,658,antioquia,san jose de la montana,ANTIOQUIA,san jose de la montana,1602,1514,AE,927,"59,08%"
05659,05,659,antioquia,san juan de uraba,ANTIOQUIA,san juan de uraba,7710,7546,AE,3525,"46,01%"
05660,05,660,antioquia,san luis antioquia,ANTIOQUIA,san luis,6844,6733,AE,4632,"68,15%"
05664,05,664,antioquia,san pedro de los milagros,ANTIOQUIA,san pedro,14943,14348,AE,9059,"61,57%"
05665,05,665,antioquia,san pedro de uraba,ANTIOQUIA,san pedro de uraba,11554,11232,AE,6831,"59,75%"
05667,05,667,antioquia,san rafael,ANTIOQUIA,san rafael,7555,7332,AE,4376,"58,83%"
05670,05,670,antioquia,san roque,ANTIOQUIA,san roque,8576,8326,AE,4664,"55,17%"
05674,05,674,antioquia,san vicente ferrer,ANTIOQUIA,san vicente,11730,11401,AE,7424,"64,16%"
05679,05,679,antioquia,santa barbara antioquia,ANTIOQUIA,santa barbara,11636,11179,AE,5987,"52,43%"
05686,05,686,antioquia,santa rosa de osos,ANTIOQUIA,santa rosa de osos,17437,16563,AE,9396,"55,23%"
05690,05,690,antioquia,santo domingo,ANTIOQUIA,santo domingo,5376,5177,AE,2965,"56,10%"
05697,05,697,antioquia,el santuario,ANTIOQUIA,el santuario,22139,21682,AE,16197,"73,85%"
05736,05,736,antioquia,segovia,ANTIOQUIA,segovia,12200,11450,ICC,6457,"53,89%"
05756,05,756,antioquia,sonson,ANTIOQUIA,sonson,16399,15868,AE,9028,"56,07%"
05761,05,761,antioquia,sopetran,ANTIOQUIA,sopetran,7446,7262,AE,3047,"41,41%"
05789,05,789,antioquia,tamesis,ANTIOQUIA,tamesis,8569,8262,AE,4240,"50,38%"
05790,05,790,antioquia,taraza,ANTIOQUIA,taraza,6812,6491,ICC,3594,"53,81%"
05792,05,792,antioquia,tarso,ANTIOQUIA,tarso,2930,2823,AE,1374,"47,54%"
05809,05,809,antioquia,titiribi,ANTIOQUIA,titiribi,4087,3921,AE,1933,"48,22%"
05819,05,819,antioquia,toledo antioquia,ANTIOQUIA,toledo,1820,1635,AE,822,"47,54%"
05837,05,837,antioquia,turbo,ANTIOQUIA,turbo,44598,42845,ICC,26437,"60,14%"
05842,05,842,antioquia,uramita,ANTIOQUIA,uramita,2862,2772,AE,1464,"52,08%"
05847,05,847,antioquia,urrao,ANTIOQUIA,urrao,10775,10314,AE,6415,"60,55%"
05854,05,854,antioquia,valdivia,ANTIOQUIA,valdivia,3472,3298,AE,1495,"44,03%"
05856,05,856,antioquia,valparaiso antioquia,ANTIOQUIA,valparaiso,3202,3113,AE,1550,"48,97%"
05858,05,858,antioquia,vegachi,ANTIOQUIA,vegachi,4892,4690,AE,3100,"64,28%"
05861,05,861,antioquia,venecia antioquia,ANTIOQUIA,venecia,5735,5593,AE,3500,"61,70%"
05873,05,873,antioquia,vigia de fuerte,ANTIOQUIA,vigia del fuerte,2220,2172,ICC,1663,"75,86%"
05885,05,885,antioquia,yali,ANTIOQUIA,yali,2427,2353,AE,1418,"59,25%"
05887,05,887,antioquia,yarumal,ANTIOQUIA,yarumal,16518,15660,AE,9119,"56,44%"
05890,05,890,antioquia,yolombo,ANTIOQUIA,yolombo,7718,7419,AE,3987,"52,54%"
05893,05,893,antioquia,yondo,ANTIOQUIA,yondo,9397,8948,AE,4286,"46,72%"
05895,05,895,antioquia,zaragoza,ANTIOQUIA,zaragoza,6413,6037,ICC,3012,"48,31%"
81001,81,001,arauca,arauca,ARAUCA,arauca,35855,34691,AE,22710,"64,20%"
81065,81,065,arauca,arauquita,ARAUCA,arauquita,14684,13785,ICC,7671,"53,75%"
81220,81,220,arauca,cravo norte,ARAUCA,cravo norte,1350,1307,AE,976,"73,21%"
81300,81,300,arauca,fortul,ARAUCA,fortul,6393,6006,ICC,3869,"62,51%"
81591,81,591,arauca,puerto rondon,ARAUCA,puerto rondon,1591,1551,AE,1146,"72,76%"
81736,81,736,arauca,saravena,ARAUCA,saravena,20743,19670,ICC,8924,"44,06%"
81794,81,794,arauca,tame,ARAUCA,tame,20113,19098,AE,10658,"54,11%"
08078,08,078,atlantico,baranoa,ATLANTICO,baranoa,29388,28892,ICC,17979,"61,45%"
08001,08,001,atlantico,barranquilla,ATLANTICO,barranquilla,601596,590816,ICC,281123,"47,00%"
08137,08,137,atlantico,campo de la cruz,ATLANTICO,campo de la cruz,8526,8379,AE,4989,"58,94%"
08141,08,141,atlantico,candelaria atlantico,ATLANTICO,candelaria,5753,5652,AE,3401,"59,56%"
08296,08,296,atlantico,galapa,ATLANTICO,galapa,22326,21937,ICC,14528,"65,47%"
08372,08,372,atlantico,juan de acosta,ATLANTICO,juan de acosta,9398,9272,AE,5145,"54,99%"
08421,08,421,atlantico,luruaco,ATLANTICO,luruaco,10990,10751,ICC,5206,"47,91%"
08433,08,433,atlantico,malambo,ATLANTICO,malambo,43419,42674,ICC,29475,"68,35%"
08436,08,436,atlantico,manati,ATLANTICO,manati,5938,5846,AE,3508,"59,45%"
08520,08,520,atlantico,palmar de varela,ATLANTICO,palmar de varela,12317,12115,ICC,7637,"62,43%"
08549,08,549,atlantico,piojo,ATLANTICO,piojo,2854,2828,ICC,1431,"50,38%"
08558,08,558,atlantico,polonuevo,ATLANTICO,polonuevo,8298,8173,ICC,5660,"68,69%"
08560,08,560,atlantico,ponedera,ATLANTICO,ponedera,9040,8845,ICC,4372,"48,86%"
08573,08,573,atlantico,puerto colombia atlantico,ATLANTICO,puerto colombia,21653,21362,ICC,11515,"53,40%"
08606,08,606,atlantico,repelon,ATLANTICO,repelon,10238,9983,ICC,4942,"48,88%"
08634,08,634,atlantico,sabanagrande,ATLANTICO,sabanagrande,13523,13236,ICC,7952,"59,18%"
08638,08,638,atlantico,sabanalarga atlantico,ATLANTICO,sabanalarga,39333,38668,ICC,24095,"61,68%"
08675,08,675,atlantico,santa lucia,ATLANTICO,santa lucia,5941,5867,AE,2613,"44,26%"
08685,08,685,atlantico,santo tomas,ATLANTICO,santo tomas,14225,13982,ICC,8522,"60,26%"
08758,08,758,atlantico,soledad,ATLANTICO,soledad,169553,166490,ICC,104590,"62,05%"
08770,08,770,atlantico,suan,ATLANTICO,suan,5069,4997,AE,3151,"62,37%"
08832,08,832,atlantico,tubara,ATLANTICO,tubara,6017,5924,ICC,3576,"59,80%"
08849,08,849,atlantico,usiacuri,ATLANTICO,usiacuri,4752,4662,ICC,2942,"62,42%"
11001,11,001,bogota dc,bogota,BOGOTA D.C.,bogota,4130084,4024364,ICC,1706249,"41,67%"
13006,13,006,bolivar,achi,BOLIVAR,achi,7992,7844,AE,4658,"58,82%"
13030,13,030,bolivar,altos de rosario,BOLIVAR,altos del rosario,3221,3164,AE,1954,"61,19%"
13042,13,042,bolivar,arenal,BOLIVAR,arenal,3030,2952,ICC,1723,"57,39%"
13052,13,052,bolivar,arjona,BOLIVAR,arjona,27341,26509,ICC,17814,"66,02%"
13062,13,062,bolivar,arroyohondo,BOLIVAR,arroyohondo,3913,3857,AE,2650,"68,12%"
13074,13,074,bolivar,barranco de loba,BOLIVAR,barranco de loba,5326,5230,AE,3084,"58,48%"
13140,13,140,bolivar,calamar bolivar,BOLIVAR,calamar,8234,8012,AE,4103,"50,54%"
13160,13,160,bolivar,cantagallo,BOLIVAR,cantagallo,4571,4501,ICC,2519,"55,49%"
13001,13,001,bolivar,cartagena de indias,BOLIVAR,cartagena,420599,410205,ICC,239504,"57,28%"
13188,13,188,bolivar,cicuco,BOLIVAR,cicuco,4809,4715,ICC,2873,"60,40%"
13222,13,222,bolivar,clemencia,BOLIVAR,clemencia,5674,5523,ICC,3422,"60,96%"
13212,13,212,bolivar,cordoba bolivar,BOLIVAR,cordoba,7321,7190,ICC,4175,"57,43%"
13244,13,244,bolivar,el carmen de bolivar,BOLIVAR,el carmen de bolivar,27903,27196,AE,14641,"53,07%"
13248,13,248,bolivar,el guamo,BOLIVAR,el guamo,3428,3362,AE,1784,"52,54%"
13268,13,268,bolivar,el penon bolivar,BOLIVAR,el penon,2762,2716,AE,1343,"49,08%"
13300,13,300,bolivar,hatillo de loba,BOLIVAR,hatillo de loba,5187,5136,AE,3349,"64,91%"
13430,13,430,bolivar,magangue,BOLIVAR,magangue,45779,44856,ICC,27393,"60,34%"
13433,13,433,bolivar,mahates,BOLIVAR,mahates,9125,8915,ICC,4427,"48,91%"
13440,13,440,bolivar,margarita,BOLIVAR,margarita,4275,4226,AE,2779,"65,31%"
13442,13,442,bolivar,maria la baja,BOLIVAR,maria la baja,16521,16119,ICC,10552,"64,64%"
13468,13,468,bolivar,mompox,BOLIVAR,mompox,17182,16861,ICC,8271,"48,51%"
13458,13,458,bolivar,montecristo,BOLIVAR,montecristo,3687,3594,ICC,1903,"52,06%"
13473,13,473,bolivar,morales bolivar,BOLIVAR,morales,6874,6724,AE,4284,"62,94%"
,,,bolivar,norosi,BOLIVAR,norosi,2182,2132,ICC,1304,"60,25%"
13549,13,549,bolivar,pinillos,BOLIVAR,pinillos,7701,7599,AE,4877,"63,77%"
13580,13,580,bolivar,regidor,BOLIVAR,regidor,2509,2470,ICC,1431,"57,33%"
13600,13,600,bolivar,rio viejo,BOLIVAR,rio viejo,3341,3257,AE,1701,"51,54%"
13620,13,620,bolivar,san cristobal,BOLIVAR,san cristobal,3652,3600,ICC,2285,"62,82%"
13647,13,647,bolivar,san estanislao,BOLIVAR,san estanislao,7319,7109,AE,3494,"48,32%"
13650,13,650,bolivar,san fernando,BOLIVAR,san fernando,3750,3699,AE,1899,"50,96%"
13654,13,654,bolivar,san jacinto,BOLIVAR,san jacinto,11140,10931,ICC,5173,"46,83%"
13655,13,655,bolivar,san jacinto de cauca,BOLIVAR,san jacinto del cauca,3033,2987,AE,1589,"52,75%"
13657,13,657,bolivar,san juan nepomuceno,BOLIVAR,san juan nepomuceno,14564,14219,AE,7609,"52,71%"
13667,13,667,bolivar,san martin de loba,BOLIVAR,san martin de loba,5441,5350,ICC,2589,"47,97%"
13670,13,670,bolivar,san pablo bolivar,BOLIVAR,san pablo,9262,8945,ICC,4521,"49,56%"
13673,13,673,bolivar,santa catalina,BOLIVAR,santa catalina,5635,5525,ICC,4011,"71,68%"
13683,13,683,bolivar,santa rosa bolivar,BOLIVAR,santa rosa,7199,7020,ICC,5107,"71,59%"
13688,13,688,bolivar,santa rosa de sur,BOLIVAR,santa rosa del sur,14619,14117,AE,10104,"70,02%"
13744,13,744,bolivar,simiti,BOLIVAR,simiti,6635,6451,AE,3770,"57,48%"
13760,13,760,bolivar,soplaviento,BOLIVAR,soplaviento,4821,4733,ICC,3669,"76,78%"
13780,13,780,bolivar,talaigua nuevo,BOLIVAR,talaigua nuevo,5259,5197,AE,2840,"54,15%"
13810,13,810,bolivar,tiquisio,BOLIVAR,tiquisio,5142,5024,AE,2490,"48,95%"
13836,13,836,bolivar,turbaco,BOLIVAR,turbaco,38023,37062,ICC,22333,"59,15%"
13838,13,838,bolivar,turbana,BOLIVAR,turbana,8532,8373,ICC,5995,"70,67%"
13873,13,873,bolivar,villanueva bolivar,BOLIVAR,villanueva,7453,7215,ICC,3845,"52,36%"
13894,13,894,bolivar,zambrano,BOLIVAR,zambrano,5054,4996,ICC,3889,"77,45%"
15022,15,022,boyaca,almeida,BOYACA,almeida,1008,980,AE,641,"64,74%"
15047,15,047,boyaca,aquitania,BOYACA,aquitania,7555,7342,AE,4882,"65,60%"
15051,15,051,boyaca,arcabuco,BOYACA,arcabuco,3367,3253,AE,1718,"51,84%"
15087,15,087,boyaca,belen boyaca,BOYACA,belen,4556,4427,AE,2430,"54,04%"
15090,15,090,boyaca,berbeo,BOYACA,berbeo,914,883,AE,460,"50,82%"
15092,15,092,boyaca,beteitiva,BOYACA,beteitiva,1225,1206,AE,658,"54,11%"
15097,15,097,boyaca,boavita,BOYACA,boavita,2713,2654,AE,1704,"63,44%"
15104,15,104,boyaca,boyaca,BOYACA,boyaca,2446,2372,AE,1438,"59,59%"
15106,15,106,boyaca,briceno boyaca,BOYACA,briceno,1439,1414,AE,1048,"73,23%"
15109,15,109,boyaca,buenavista boyaca,BOYACA,buenavista,3120,3069,AE,2257,"73,06%"
15114,15,114,boyaca,busbanza,BOYACA,busbanza,687,676,AE,404,"59,23%"
15131,15,131,boyaca,caldas boyaca,BOYACA,caldas,1937,1900,AE,1193,"62,13%"
15135,15,135,boyaca,campohermoso,BOYACA,campohermoso,1404,1380,AE,1060,"75,98%"
15162,15,162,boyaca,cerinza,BOYACA,cerinza,2352,2252,AE,974,"42,21%"
15172,15,172,boyaca,chinavita,BOYACA,chinavita,1925,1899,AE,1355,"70,79%"
15176,15,176,boyaca,chiquinquira,BOYACA,chiquinquira,29399,28566,AE,15041,"51,83%"
15232,15,232,boyaca,chiquiza,BOYACA,chiquiza,2410,2357,AE,1480,"62,10%"
15180,15,180,boyaca,chiscas,BOYACA,chiscas,1592,1571,AE,1152,"72,72%"
15183,15,183,boyaca,chita,BOYACA,chita,3235,3169,AE,2402,"75,03%"
15185,15,185,boyaca,chitaraque,BOYACA,chitaraque,2922,2888,AE,2043,"70,32%"
15187,15,187,boyaca,chivata,BOYACA,chivata,2268,2210,AE,1067,"47,52%"
15236,15,236,boyaca,chivor,BOYACA,chivor,1140,1124,AE,936,"82,68%"
15189,15,189,boyaca,cienega,BOYACA,cienega,2428,2383,AE,1772,"73,61%"
15204,15,204,boyaca,combita,BOYACA,combita,6074,5903,AE,2554,"42,56%"
15212,15,212,boyaca,coper,BOYACA,coper,1798,1778,AE,1424,"79,64%"
15215,15,215,boyaca,corrales,BOYACA,corrales,1735,1702,AE,931,"54,06%"
15218,15,218,boyaca,covarachia,BOYACA,covarachia,1879,1858,AE,1467,"78,49%"
15223,15,223,boyaca,cubara,BOYACA,cubara,3042,2929,ICC,1679,"56,36%"
15224,15,224,boyaca,cucaita,BOYACA,cucaita,2212,2157,AE,985,"44,97%"
15226,15,226,boyaca,cuitiva,BOYACA,cuitiva,1108,1089,AE,573,"52,18%"
15238,15,238,boyaca,duitama,BOYACA,duitama,70029,68196,AE,29238,"42,18%"
15244,15,244,boyaca,el cocuy,BOYACA,el cocuy,1845,1769,AE,1270,"70,20%"
15248,15,248,boyaca,el espino,BOYACA,el espino,1334,1315,AE,916,"69,13%"
15272,15,272,boyaca,firavitoba,BOYACA,firavitoba,3595,3469,AE,1461,"41,15%"
15276,15,276,boyaca,floresta,BOYACA,floresta,2446,2401,AE,1578,"64,91%"
15293,15,293,boyaca,gachantiva,BOYACA,gachantiva,1847,1793,AE,1176,"64,86%"
15296,15,296,boyaca,gameza,BOYACA,gameza,2543,2491,AE,1791,"71,07%"
15299,15,299,boyaca,garagoa,BOYACA,garagoa,8295,8031,AE,4280,"52,28%"
15317,15,317,boyaca,guacamayas,BOYACA,guacamayas,885,864,AE,593,"67,77%"
15322,15,322,boyaca,guateque,BOYACA,guateque,5748,5565,AE,2901,"51,13%"
15325,15,325,boyaca,guayata,BOYACA,guayata,2454,2399,AE,1748,"71,87%"
15332,15,332,boyaca,guican de la sierra,BOYACA,guican,1644,1583,AE,812,"50,27%"
15362,15,362,boyaca,iza,BOYACA,iza,1460,1430,AE,826,"57,12%"
15367,15,367,boyaca,jenesano,BOYACA,jenesano,3885,3804,AE,2441,"63,51%"
15368,15,368,boyaca,jerico boyaca,BOYACA,jerico,1808,1773,AE,1422,"79,93%"
15380,15,380,boyaca,la capilla,BOYACA,la capilla,1559,1530,AE,1018,"65,84%"
15403,15,403,boyaca,la uvita,BOYACA,la uvita,1428,1398,AE,1048,"73,75%"
15401,15,401,boyaca,la victoria boyaca,BOYACA,la victoria,728,712,AE,474,"65,92%"
15377,15,377,boyaca,labranzagrande,BOYACA,labranzagrande,1886,1859,AE,1422,"75,96%"
15425,15,425,boyaca,macanal,BOYACA,macanal,2141,2086,AE,1403,"66,11%"
15442,15,442,boyaca,maripi,BOYACA,maripi,2840,2812,AE,1996,"70,62%"
15455,15,455,boyaca,miraflores boyaca,BOYACA,miraflores,5073,4926,AE,2562,"50,97%"
15464,15,464,boyaca,mongua,BOYACA,mongua,2912,2877,AE,2280,"78,83%"
15466,15,466,boyaca,mongui,BOYACA,mongui,2791,2739,AE,1546,"55,89%"
15469,15,469,boyaca,moniquira,BOYACA,moniquira,12702,12336,AE,6697,"53,57%"
15476,15,476,boyaca,motavita,BOYACA,motavita,3702,3594,AE,1710,"46,87%"
15480,15,480,boyaca,muzo,BOYACA,muzo,3994,3882,AE,2318,"58,92%"
15491,15,491,boyaca,nobsa,BOYACA,nobsa,10169,9901,ICC,5385,"53,51%"
15494,15,494,boyaca,nuevo colon,BOYACA,nuevo colon,3088,3031,AE,1873,"61,16%"
15500,15,500,boyaca,oicata,BOYACA,oicata,1947,1888,AE,877,"45,72%"
15507,15,507,boyaca,otanche,BOYACA,otanche,4307,4251,AE,3003,"70,22%"
15511,15,511,boyaca,pachavita,BOYACA,pachavita,1280,1235,AE,831,"66,05%"
15514,15,514,boyaca,paez boyaca,BOYACA,paez,1616,1576,AE,1178,"73,67%"
15516,15,516,boyaca,paipa,BOYACA,paipa,21582,20942,AE,9133,"42,85%"
15518,15,518,boyaca,pajarito,BOYACA,pajarito,1079,1066,AE,776,"72,32%"
15522,15,522,boyaca,panqueba,BOYACA,panqueba,884,871,AE,584,"66,36%"
15531,15,531,boyaca,pauna,BOYACA,pauna,3879,3778,AE,2325,"60,95%"
15533,15,533,boyaca,paya,BOYACA,paya,978,953,AE,755,"78,48%"
15537,15,537,boyaca,paz de rio,BOYACA,paz de rio,2381,2291,ICC,1103,"46,91%"
15542,15,542,boyaca,pesca,BOYACA,pesca,3590,3506,AE,2246,"63,23%"
15550,15,550,boyaca,pisba,BOYACA,pisba,713,697,AE,492,"69,88%"
15572,15,572,boyaca,puerto boyaca,BOYACA,puerto boyaca,24642,23357,AE,12009,"50,36%"
15580,15,580,boyaca,quipama,BOYACA,quipama,2445,2382,AE,1681,"69,75%"
15599,15,599,boyaca,ramiriqui,BOYACA,ramiriqui,5865,5744,AE,3528,"60,76%"
15600,15,600,boyaca,raquira,BOYACA,raquira,3786,3672,AE,2248,"60,18%"
15621,15,621,boyaca,rondon,BOYACA,rondon,1359,1338,AE,917,"68,07%"
15632,15,632,boyaca,saboya,BOYACA,saboya,6565,6363,AE,3777,"58,58%"
15638,15,638,boyaca,sachica,BOYACA,sachica,3142,3076,AE,1648,"52,97%"
15646,15,646,boyaca,samaca,BOYACA,samaca,10612,10296,AE,5988,"57,21%"
15660,15,660,boyaca,san eduardo,BOYACA,san eduardo,949,916,AE,556,"59,02%"
15664,15,664,boyaca,san jose de pare,BOYACA,san jose de pare,3004,2936,AE,1943,"65,66%"
15667,15,667,boyaca,san luis de gaceno,BOYACA,san luis de gaceno,2650,2612,AE,2132,"81,00%"
15673,15,673,boyaca,san mateo,BOYACA,san mateo,2022,1998,AE,1600,"79,44%"
15676,15,676,boyaca,san miguel de sema,BOYACA,san miguel de sema,1845,1796,AE,1105,"60,84%"
15681,15,681,boyaca,san pablo de borbur,BOYACA,san pablo de borbur,3485,3415,AE,2415,"70,08%"
15690,15,690,boyaca,santa maria boyaca,BOYACA,santa maria,1951,1851,AE,1072,"56,18%"
15693,15,693,boyaca,santa rosa de viterbo,BOYACA,santa rosa de viterbo,6325,6172,AE,3449,"55,11%"
15696,15,696,boyaca,santa sofia,BOYACA,santa sofia,2127,2095,AE,1505,"71,22%"
15686,15,686,boyaca,santana,BOYACA,santana,3903,3832,AE,2392,"61,84%"
15720,15,720,boyaca,sativanorte,BOYACA,sativanorte,1351,1331,AE,937,"69,87%"
15723,15,723,boyaca,sativasur,BOYACA,sativasur,612,596,AE,371,"61,22%"
15740,15,740,boyaca,siachoque,BOYACA,siachoque,3740,3583,AE,1880,"51,25%"
15753,15,753,boyaca,soata,BOYACA,soata,4952,4843,AE,2807,"57,30%"
15757,15,757,boyaca,socha,BOYACA,socha,3964,3844,AE,1879,"48,14%"
15755,15,755,boyaca,socota,BOYACA,socota,3157,3065,AE,1997,"64,17%"
15759,15,759,boyaca,sogamoso,BOYACA,sogamoso,71271,69256,AE,29674,"42,13%"
15761,15,761,boyaca,somondoco,BOYACA,somondoco,1728,1681,AE,1009,"59,21%"
15762,15,762,boyaca,sora,BOYACA,sora,1851,1788,AE,910,"50,00%"
15764,15,764,boyaca,soraca,BOYACA,soraca,4033,3900,AE,1921,"48,49%"
15763,15,763,boyaca,sotaquira,BOYACA,sotaquira,4207,4074,AE,2145,"51,96%"
15774,15,774,boyaca,susacon,BOYACA,susacon,1400,1360,AE,892,"64,63%"
15776,15,776,boyaca,sutamarchan,BOYACA,sutamarchan,4207,4141,AE,2519,"60,21%"
15778,15,778,boyaca,sutatenza,BOYACA,sutatenza,2395,2343,AE,1349,"56,89%"
15790,15,790,boyaca,tasco,BOYACA,tasco,2894,2821,AE,1626,"56,95%"
15798,15,798,boyaca,tenza,BOYACA,tenza,2238,2174,AE,1331,"60,33%"
15804,15,804,boyaca,tibana,BOYACA,tibana,4212,4124,AE,2736,"65,70%"
15806,15,806,boyaca,tibasosa,BOYACA,tibasosa,7010,6807,ICC,2906,"42,04%"
15808,15,808,boyaca,tinjaca,BOYACA,tinjaca,2289,2257,AE,1237,"54,30%"
15810,15,810,boyaca,tipacoque,BOYACA,tipacoque,1981,1939,AE,1268,"64,69%"
15814,15,814,boyaca,toca,BOYACA,toca,4950,4698,AE,2430,"49,93%"
15816,15,816,boyaca,togui,BOYACA,togui,2326,2256,AE,1471,"64,29%"
15820,15,820,boyaca,topaga,BOYACA,topaga,2471,2403,AE,1460,"59,83%"
15822,15,822,boyaca,tota,BOYACA,tota,2180,2123,AE,1410,"65,49%"
15001,15,001,boyaca,tunja,BOYACA,tunja,103635,100567,ICC,44172,"43,12%"
15832,15,832,boyaca,tunungua,BOYACA,tunungua,957,945,AE,645,"67,89%"
15835,15,835,boyaca,turmeque,BOYACA,turmeque,3602,3508,AE,2076,"58,29%"
15837,15,837,boyaca,tuta,BOYACA,tuta,5751,5587,AE,2750,"48,37%"
15839,15,839,boyaca,tutaza,BOYACA,tutaza,1322,1283,AE,727,"55,66%"
15842,15,842,boyaca,umbita,BOYACA,umbita,3802,3740,AE,2703,"71,50%"
15861,15,861,boyaca,ventaquemada,BOYACA,ventaquemada,7035,6779,AE,3623,"52,32%"
15407,15,407,boyaca,villa de leyva,BOYACA,villa de leyva,10124,9871,AE,5160,"51,40%"
15879,15,879,boyaca,viracacha,BOYACA,viracacha,1521,1489,AE,1073,"71,34%"
15897,15,897,boyaca,zetaquira,BOYACA,zetaquira,2831,2784,AE,1889,"67,10%"
17013,17,013,caldas,aguadas,CALDAS,aguadas,11026,10592,AE,5965,"55,38%"
17042,17,042,caldas,anserma,CALDAS,anserma,15704,14953,AE,7569,"49,58%"
17050,17,050,caldas,aranzazu,CALDAS,aranzazu,6021,5717,AE,2967,"50,64%"
17088,17,088,caldas,belalcazar,CALDAS,belalcazar,5331,5136,AE,1930,"36,90%"
17174,17,174,caldas,chinchina,CALDAS,chinchina,27154,25815,AE,11936,"45,16%"
17272,17,272,caldas,filadelfia,CALDAS,filadelfia,4715,4519,AE,2313,"50,41%"
17380,17,380,caldas,la dorada,CALDAS,la dorada,31577,29976,AE,13888,"45,42%"
17388,17,388,caldas,la merced,CALDAS,la merced,2862,2761,AE,1233,"43,91%"
17001,17,001,caldas,manizales,CALDAS,manizales,234757,225958,AE,98540,"42,75%"
17433,17,433,caldas,manzanares,CALDAS,manzanares,7956,7653,AE,3948,"50,66%"
17442,17,442,caldas,marmato,CALDAS,marmato,3203,3005,AE,1261,"40,80%"
17444,17,444,caldas,marquetalia,CALDAS,marquetalia,6787,6562,AE,2878,"43,17%"
17446,17,446,caldas,marulanda,CALDAS,marulanda,1186,1134,AE,661,"57,37%"
17486,17,486,caldas,neira,CALDAS,neira,10902,10359,AE,5288,"50,06%"
17495,17,495,caldas,norcasia,CALDAS,norcasia,3300,3112,AE,1622,"50,64%"
17513,17,513,caldas,pacora,CALDAS,pacora,6982,6626,AE,3463,"51,16%"
17524,17,524,caldas,palestina caldas,CALDAS,palestina,7871,7542,AE,3180,"41,50%"
17541,17,541,caldas,pensilvania,CALDAS,pensilvania,8985,8618,AE,4035,"45,87%"
17614,17,614,caldas,riosucio caldas,CALDAS,riosucio,24143,23022,AE,9843,"41,81%"
17616,17,616,caldas,risaralda,CALDAS,risaralda,5313,5082,AE,2587,"49,96%"
17653,17,653,caldas,salamina caldas,CALDAS,salamina,7568,7231,AE,3311,"44,91%"
17662,17,662,caldas,samana,CALDAS,samana,8893,8503,AE,4743,"54,72%"
17665,17,665,caldas,san jose,CALDAS,san jose,2686,2600,AE,1075,"40,68%"
17777,17,777,caldas,supia,CALDAS,supia,12893,11859,AE,5135,"42,04%"
17867,17,867,caldas,victoria,CALDAS,victoria,4637,4440,AE,2285,"50,73%"
17873,17,873,caldas,villamaria,CALDAS,villamaria,32571,31133,AE,13096,"41,17%"
17877,17,877,caldas,viterbo,CALDAS,viterbo,7784,7519,AE,4100,"53,67%"
18029,18,029,caqueta,albania caqueta,CAQUETA,albania,2336,2247,AE,1420,"61,87%"
18094,18,094,caqueta,belen de los andaquies,CAQUETA,belen de los andaquies,4336,4148,AE,2490,"58,74%"
18150,18,150,caqueta,cartagena de chaira,CAQUETA,cartagena del chaira,13436,12048,ICC,6593,"51,52%"
18205,18,205,caqueta,curillo,CAQUETA,curillo,2910,2769,AE,1475,"51,73%"
18247,18,247,caqueta,el doncello,CAQUETA,el doncello,8280,7830,AE,4301,"53,10%"
18256,18,256,caqueta,el paujil,CAQUETA,el paujil,5899,5563,AE,2531,"43,91%"
18001,18,001,caqueta,florencia caqueta,CAQUETA,florencia,79329,76783,AE,41108,"52,49%"
18410,18,410,caqueta,la montanita,CAQUETA,la montanita,6259,6011,ICC,3482,"56,60%"
18460,18,460,caqueta,milan,CAQUETA,puerto milan,2571,2474,ICC,1204,"47,43%"
18479,18,479,caqueta,morelia,CAQUETA,morelia,1981,1816,AE,1234,"67,06%"
18592,18,592,caqueta,puerto rico caqueta,CAQUETA,puerto rico,10168,9548,AE,4853,"48,93%"
18610,18,610,caqueta,san jose de fragua,CAQUETA,san jose del fragua,5241,4996,AE,2568,"50,05%"
18753,18,753,caqueta,san vicente de caguan,CAQUETA,san vicente del caguan,24447,22746,ICC,11114,"46,81%"
18756,18,756,caqueta,solano,CAQUETA,solano,3076,2901,ICC,2005,"66,76%"
18785,18,785,caqueta,solita,CAQUETA,solita,2341,2175,AE,1227,"53,76%"
18860,18,860,caqueta,valparaiso caqueta,CAQUETA,valparaiso,2383,2296,AE,1498,"63,96%"
85010,85,010,casanare,aguazul,CASANARE,aguazul,21094,20177,AE,11764,"57,15%"
85015,85,015,casanare,chameza,CASANARE,chameza,1269,1248,AE,835,"66,21%"
85125,85,125,casanare,hato corozal,CASANARE,hato corozal,4808,4699,AE,3410,"71,62%"
85136,85,136,casanare,la salina,CASANARE,la salina,389,359,ICC,229,"60,58%"
85139,85,139,casanare,mani,CASANARE,mani,7649,7371,AE,4699,"62,51%"
85162,85,162,casanare,monterrey,CASANARE,monterrey,8832,8530,AE,5339,"61,46%"
85225,85,225,casanare,nunchia,CASANARE,nunchia,4194,4110,AE,2990,"72,01%"
85230,85,230,casanare,orocue,CASANARE,orocue,5074,4899,AE,3199,"64,17%"
85250,85,250,casanare,paz de ariporo,CASANARE,paz de ariporo,17613,17107,AE,11987,"68,99%"
85263,85,263,casanare,pore,CASANARE,pore,5200,5060,AE,3622,"70,57%"
85279,85,279,casanare,recetor,CASANARE,recetor,793,770,AE,477,"61,07%"
85300,85,300,casanare,sabanalarga casanare,CASANARE,sabanalarga,2002,1963,AE,1371,"69,17%"
85315,85,315,casanare,sacama,CASANARE,sacama,1102,1045,ICC,621,"57,12%"
85325,85,325,casanare,san luis de palenque,CASANARE,san luis de palenque,4243,4138,AE,3127,"74,43%"
85400,85,400,casanare,tamara,CASANARE,tamara,2669,2584,AE,1684,"64,10%"
85410,85,410,casanare,tauramena,CASANARE,tauramena,14757,14253,AE,9652,"66,50%"
85430,85,430,casanare,trinidad,CASANARE,trinidad,5949,5813,AE,4167,"70,78%"
85440,85,440,casanare,villanueva casanare,CASANARE,villanueva,20257,19192,AE,11281,"57,41%"
85001,85,001,casanare,yopal,CASANARE,yopal,94609,91719,AE,54089,"57,91%"
19022,19,022,cauca,almaguer,CAUCA,almaguer,7677,7412,ICC,6708,"89,19%"
19050,19,050,cauca,argelia cauca,CAUCA,argelia,16688,15029,ICC,12563,"79,55%"
19075,19,075,cauca,balboa cauca,CAUCA,balboa,14522,13327,ICC,10892,"78,56%"
19100,19,100,cauca,bolivar cauca,CAUCA,bolivar,18423,17305,ICC,14031,"78,83%"
19110,19,110,cauca,buenos aires,CAUCA,buenos aires,12110,10458,ICC,6162,"55,85%"
19130,19,130,cauca,cajibio,CAUCA,cajibio,15223,13900,ICC,8348,"57,67%"
19137,19,137,cauca,caldono,CAUCA,caldono,17512,16826,ICC,13997,"81,72%"
19142,19,142,cauca,caloto,CAUCA,caloto,15024,14457,ICC,11285,"76,68%"
19212,19,212,cauca,corinto,CAUCA,corinto,13201,12711,ICC,10040,"77,33%"
19256,19,256,cauca,el tambo cauca,CAUCA,el tambo,29758,26161,ICC,16637,"60,51%"
19290,19,290,cauca,florencia cauca,CAUCA,florencia,3435,3142,ICC,1989,"60,10%"
,,,cauca,guachene,CAUCA,guachene,10123,9634,ICC,7861,"79,88%"
19318,19,318,cauca,guapi,CAUCA,guapi,7481,7321,ICC,6723,"91,08%"
19355,19,355,cauca,inza,CAUCA,inza,11346,11009,ICC,8483,"75,93%"
19364,19,364,cauca,jambalo,CAUCA,jambalo,8126,7946,ICC,7658,"95,60%"
19392,19,392,cauca,la sierra,CAUCA,la sierra,6119,5649,ICC,3559,"61,16%"
19397,19,397,cauca,la vega cauca,CAUCA,la vega,8657,8401,ICC,6728,"78,98%"
19418,19,418,cauca,lopez de micay,CAUCA,lopez de micay,4845,4705,ICC,4297,"89,98%"
19450,19,450,cauca,mercaderes,CAUCA,mercaderes,8381,7907,ICC,6154,"75,48%"
19455,19,455,cauca,miranda,CAUCA,miranda,15067,14549,ICC,11184,"75,54%"
19473,19,473,cauca,morales cauca,CAUCA,morales,15015,14041,ICC,9075,"62,42%"
19513,19,513,cauca,padilla,CAUCA,padilla,4246,3999,ICC,3114,"76,11%"
19517,19,517,cauca,paez cauca,CAUCA,paez,13472,13057,ICC,10815,"81,67%"
19532,19,532,cauca,patia,CAUCA,patia,20198,18343,ICC,12952,"67,69%"
19533,19,533,cauca,piamonte,CAUCA,piamonte,2848,2722,ICC,1628,"58,10%"
19548,19,548,cauca,piendamo,CAUCA,piendamo,19225,18108,ICC,9752,"52,30%"
19001,19,001,cauca,popayan,CAUCA,popayan,187004,180500,ICC,104468,"56,76%"
19573,19,573,cauca,puerto tejada,CAUCA,puerto tejada,21966,21218,ICC,17750,"82,26%"
19585,19,585,cauca,purace,CAUCA,purace,5963,5758,ICC,4123,"70,52%"
19622,19,622,cauca,rosas,CAUCA,rosas,5590,5242,ICC,3203,"59,59%"
19693,19,693,cauca,san sebastian,CAUCA,san sebastian,3983,3827,ICC,2970,"76,21%"
19701,19,701,cauca,santa rosa cauca,CAUCA,santa rosa,2140,2092,ICC,1471,"69,61%"
19698,19,698,cauca,santander de quilichao,CAUCA,santander de quilichao,57034,54256,ICC,36828,"66,25%"
19743,19,743,cauca,silvia,CAUCA,silvia,13828,12857,ICC,9739,"73,67%"
19760,19,760,cauca,sotara,CAUCA,sotara,4807,4585,ICC,3136,"66,83%"
19780,19,780,cauca,suarez cauca,CAUCA,suarez,11371,10120,ICC,6341,"59,88%"
19785,19,785,cauca,sucre cauca,CAUCA,sucre,4001,3788,ICC,3332,"85,78%"
19807,19,807,cauca,timbio,CAUCA,timbio,19192,18246,ICC,10696,"57,19%"
19809,19,809,cauca,timbiqui,CAUCA,timbiqui,7059,6997,ICC,6622,"94,26%"
19821,19,821,cauca,toribio,CAUCA,toribio,15768,15376,ICC,14215,"91,39%"
19824,19,824,cauca,totoro,CAUCA,totoro,8188,7919,ICC,6753,"83,69%"
19845,19,845,cauca,villa rica,CAUCA,villa rica,10213,9870,ICC,8512,"84,91%"
20011,20,011,cesar,aguachica,CESAR,aguachica,46530,45098,AE,27327,"59,62%"
20013,20,013,cesar,agustin codazzi,CESAR,agustin codazzi,25399,24793,ICC,13803,"54,99%"
20032,20,032,cesar,astrea,CESAR,astrea,8807,8685,AE,4758,"54,42%"
20045,20,045,cesar,becerril,CESAR,becerril,9240,8998,ICC,5299,"57,93%"
20060,20,060,cesar,bosconia,CESAR,bosconia,16550,16036,ICC,9008,"55,49%"
20175,20,175,cesar,chimichagua,CESAR,chimichagua,11756,11581,AE,6143,"52,69%"
20178,20,178,cesar,chiriguana,CESAR,chiriguana,11513,11260,ICC,6579,"57,73%"
20228,20,228,cesar,curumani,CESAR,curumani,15623,15081,ICC,7793,"50,74%"
20238,20,238,cesar,el copey,CESAR,el copey,12292,11978,ICC,7212,"59,33%"
20250,20,250,cesar,el paso,CESAR,el paso,16240,15824,ICC,10256,"63,91%"
20295,20,295,cesar,gamarra,CESAR,gamarra,6283,6165,AE,3580,"57,32%"
20310,20,310,cesar,gonzalez,CESAR,gonzalez,2445,2369,AE,1539,"63,56%"
20383,20,383,cesar,la gloria,CESAR,la gloria,7003,6844,AE,3945,"56,93%"
20400,20,400,cesar,la jagua de ibirico,CESAR,la jagua de ibirico,16783,16225,ICC,9472,"57,34%"
20621,20,621,cesar,la paz cesar,CESAR,la paz,11202,10970,AE,6501,"58,54%"
20443,20,443,cesar,manaure,CESAR,manaure,5184,5074,ICC,2434,"47,52%"
20517,20,517,cesar,pailitas,CESAR,pailitas,8484,8279,AE,4467,"53,32%"
20550,20,550,cesar,pelaya,CESAR,pelaya,9117,8849,AE,5447,"60,60%"
20570,20,570,cesar,pueblo bello,CESAR,pueblo bello,10358,10099,ICC,5910,"57,80%"
20614,20,614,cesar,rio de oro,CESAR,rio de oro,9333,9079,AE,5598,"60,71%"
20710,20,710,cesar,san alberto,CESAR,san alberto,11688,11374,AE,5419,"47,04%"
20750,20,750,cesar,san diego,CESAR,san diego,8918,8702,AE,4457,"50,41%"
20770,20,770,cesar,san martin cesar,CESAR,san martin,12423,11971,AE,6540,"53,62%"
20787,20,787,cesar,tamalameque,CESAR,tamalameque,5165,5092,ICC,2622,"51,04%"
20001,20,001,cesar,valledupar,CESAR,valledupar,190265,185325,ICC,89773,"47,66%"
27006,27,006,choco,acandi,CHOCO,acandi,4201,4074,ICC,1944,"46,97%"
27025,27,025,choco,alto baudo,CHOCO,alto baudo,4985,4957,ICC,4717,"95,02%"
27050,27,050,choco,atrato,CHOCO,el atrato,3765,3633,ICC,2881,"78,11%"
27073,27,073,choco,bagado,CHOCO,bagado,2868,2820,ICC,2410,"84,76%"
27075,27,075,choco,bahia solano,CHOCO,bahia solano,3669,3581,ICC,2722,"75,13%"
27077,27,077,choco,bajo baudo,CHOCO,bajo baudo,4038,3936,ICC,3409,"85,91%"
27099,27,099,choco,bojaya,CHOCO,bojaya,3169,3128,ICC,2854,"90,63%"
27150,27,150,choco,carmen de darien,CHOCO,el carmen del darien,4205,4102,ICC,3436,"82,65%"
27160,27,160,choco,certegui,CHOCO,certegui,2110,2027,ICC,1520,"73,60%"
27205,27,205,choco,condoto,CHOCO,condoto,4240,4029,ICC,3216,"78,13%"
27135,27,135,choco,el canton de san pablo,CHOCO,canton de san pablo,2347,2248,ICC,1709,"74,92%"
27245,27,245,choco,el carmen,CHOCO,el carmen,3874,3758,AE,1862,"48,87%"
27250,27,250,choco,el litoral de san juan,CHOCO,litoral de san juan,4365,4312,ICC,4179,"96,55%"
27361,27,361,choco,istmina,CHOCO,istmina,8547,8150,ICC,6263,"74,85%"
27372,27,372,choco,jurado,CHOCO,jurado,1451,1418,ICC,1224,"84,94%"
27413,27,413,choco,lloro,CHOCO,lloro,3349,3181,ICC,2279,"70,68%"
27425,27,425,choco,medio atrato,CHOCO,medio atrato,2462,2403,ICC,2070,"85,43%"
27430,27,430,choco,medio baudo,CHOCO,medio baudo,3515,3467,ICC,3138,"89,88%"
27450,27,450,choco,medio san juan,CHOCO,medio san juan,3283,3157,ICC,2728,"85,14%"
27491,27,491,choco,novita,CHOCO,novita,2167,2027,ICC,1463,"70,00%"
27086,27,086,choco,riosucio choco,CHOCO,nuevo belen de bajira,5196,5039,ICC,3224,"62,93%"
27495,27,495,choco,nuqui,CHOCO,nuqui,3025,2986,ICC,2567,"85,33%"
27001,27,001,choco,quibdo,CHOCO,quibdo,41145,39349,ICC,29900,"74,49%"
27580,27,580,choco,rio iro,CHOCO,rio iro,1622,1536,ICC,1078,"68,48%"
27600,27,600,choco,rio quito,CHOCO,rio quito,3408,3271,ICC,2359,"71,24%"
27615,27,615,choco,riosucio choco,CHOCO,riosucio,5985,5788,ICC,4914,"84,07%"
27660,27,660,choco,san jose de palmar,CHOCO,san jose del palmar,1422,1354,ICC,816,"59,13%"
27745,27,745,choco,sipi,CHOCO,sipi,1100,1063,ICC,939,"87,02%"
27787,27,787,choco,tado,CHOCO,tado,5455,5091,ICC,3771,"72,22%"
27800,27,800,choco,unguia,CHOCO,unguia,3910,3830,ICC,2411,"62,10%"
27810,27,810,choco,union panamericana,CHOCO,union panamericana,2378,2249,ICC,1631,"71,09%"
,,,consulados,alemania,CONSULADOS,alemania,12005,11861,ICC,5649,"47,09%"
,,,consulados,argelia,CONSULADOS,argelia,8,8,SFV,4,"50,00%"
,,,consulados,argentina,CONSULADOS,argentina,10374,10218,ICC,4499,"43,44%"
,,,consulados,aruba,CONSULADOS,aruba,3515,3483,AE,2377,"67,81%"
,,,consulados,australia,CONSULADOS,australia,20296,19978,ICC,8565,"42,24%"
,,,consulados,austria,CONSULADOS,austria,1640,1618,ICC,802,"48,90%"
,,,consulados,azerbaiyan,CONSULADOS,azerbaiyan,22,22,ICC,11,"50,00%"
,,,consulados,belgica,CONSULADOS,belgica,2656,2628,ICC,1161,"43,72%"
,,,consulados,bolivia,CONSULADOS,bolivia,645,642,AE,439,"68,16%"
,,,consulados,brasil,CONSULADOS,brasil,4170,4113,ICC,1895,"45,56%"
,,,consulados,canada,CONSULADOS,canada,42038,41634,AE,21109,"50,25%"
,,,consulados,chile,CONSULADOS,chile,18348,18007,AE,7897,"43,31%"
,,,consulados,china republica popular,CONSULADOS,china republica popular,720,703,AE,300,"41,66%"
,,,consulados,corea de sur,CONSULADOS,corea de sur,252,251,AE,96,"38,09%"
,,,consulados,costa rica,CONSULADOS,costa rica,5712,5680,AE,3788,"66,43%"
,,,consulados,cuba,CONSULADOS,cuba,608,598,ICC,449,"74,09%"
,,,consulados,curazao,CONSULADOS,curazao,1191,1172,AE,801,"67,65%"
,,,consulados,dinamarca,CONSULADOS,dinamarca,665,654,ICC,304,"45,78%"
,,,consulados,ecuador,CONSULADOS,ecuador,9367,9113,AE,5035,"54,56%"
,,,consulados,egipto,CONSULADOS,egipto,161,158,AE,91,"56,52%"
,,,consulados,el salvador,CONSULADOS,el salvador,441,437,AE,279,"63,26%"
,,,consulados,emiratos arabes unidos,CONSULADOS,emiratos arabes unidos,2542,2515,AE,1664,"65,53%"
,,,consulados,espana,CONSULADOS,espana,127637,125752,ICC,54162,"42,57%"
,,,consulados,estados unidos,CONSULADOS,estados unidos,216105,215194,AE,155816,"72,16%"
,,,consulados,finlandia,CONSULADOS,finlandia,302,298,ICC,141,"46,68%"
,,,consulados,francia,CONSULADOS,francia,14271,14103,ICC,6699,"46,98%"
,,,consulados,ghana,CONSULADOS,ghana,45,45,ICC,21,"46,66%"
,,,consulados,guatemala,CONSULADOS,guatemala,1308,1301,AE,932,"71,30%"
,,,consulados,haiti,CONSULADOS,haiti,14,13,ICC,8,"57,14%"
,,,consulados,honduras,CONSULADOS,honduras,313,313,AE,200,"63,89%"
,,,consulados,hungria,CONSULADOS,hungria,246,236,ICC,106,"43,08%"
,,,consulados,india,CONSULADOS,india,32,31,AE,12,"37,50%"
,,,consulados,indonesia,CONSULADOS,indonesia,35,35,PVL,13,"37,14%"
,,,consulados,inglaterra,CONSULADOS,inglaterra,11654,11561,AE,5175,"44,46%"
,,,consulados,irlanda,CONSULADOS,irlanda,603,600,ICC,247,"40,96%"
,,,consulados,israel,CONSULADOS,israel,897,893,AE,728,"81,34%"
,,,consulados,italia,CONSULADOS,italia,8452,8334,ICC,3313,"39,26%"
,,,consulados,jamaica,CONSULADOS,jamaica,140,139,AE,82,"58,57%"
,,,consulados,japon,CONSULADOS,japon,526,515,AE,227,"43,23%"
,,,consulados,kenia,CONSULADOS,kenia,68,68,ICC,25,"36,76%"
,,,consulados,libano,CONSULADOS,libano,123,120,AE,58,"47,15%"
,,,consulados,malasia,CONSULADOS,malasia,101,99,AE,46,"45,54%"
,,,consulados,marruecos,CONSULADOS,marruecos,34,34,AE,12,"35,29%"
,,,consulados,mexico,CONSULADOS,mexico,12324,12241,AE,6119,"49,67%"
,,,consulados,nicaragua,CONSULADOS,nicaragua,112,112,AE,76,"67,85%"
,,,consulados,noruega,CONSULADOS,noruega,568,559,ICC,258,"45,50%"
,,,consulados,nueva zelandia,CONSULADOS,nueva zelandia,1299,1269,ICC,494,"38,08%"
,,,consulados,paises bajos,CONSULADOS,paises bajos,3139,3104,ICC,1121,"35,73%"
,,,consulados,panama,CONSULADOS,panama,11042,10966,AE,7161,"64,93%"
,,,consulados,paraguay,CONSULADOS,paraguay,371,371,AE,248,"66,84%"
,,,consulados,peru,CONSULADOS,peru,3468,3435,AE,1964,"56,69%"
,,,consulados,polonia,CONSULADOS,polonia,1065,1046,ICC,622,"58,51%"
,,,consulados,portugal,CONSULADOS,portugal,3190,3129,ICC,1329,"41,81%"
,,,consulados,puerto rico,CONSULADOS,puerto rico,1193,1187,AE,699,"58,69%"
,,,consulados,republica de filipinas,CONSULADOS,republica de filipinas,91,90,AE,37,"40,65%"
,,,consulados,republica de singapur,CONSULADOS,republica de singapur,196,193,AE,86,"43,87%"
,,,consulados,republica dominicana,CONSULADOS,republica dominicana,2105,2086,AE,1399,"66,58%"
,,,consulados,republica socialista de vietna,CONSULADOS,republica socialista de vietna,33,32,ICC,17,"51,51%"
,,,consulados,rusia,CONSULADOS,rusia,175,168,ICC,111,"63,42%"
,,,consulados,sudafrica,CONSULADOS,sudafrica,110,109,AE,53,"48,18%"
,,,consulados,suecia,CONSULADOS,suecia,1518,1500,ICC,815,"53,79%"
,,,consulados,suiza,CONSULADOS,suiza,4515,4480,ICC,1766,"39,15%"
,,,consulados,tailandia,CONSULADOS,tailandia,114,114,AE,46,"40,35%"
,,,consulados,trinidad y tobago,CONSULADOS,trinidad y tobago,160,155,AE,91,"56,87%"
,,,consulados,turquia,CONSULADOS,turquia,225,222,ICC,119,"52,88%"
,,,consulados,uruguay,CONSULADOS,uruguay,783,769,AE,317,"40,58%"
,,,consulados,venezuela,CONSULADOS,venezuela,21751,21530,AE,14313,"66,26%"
23068,23,068,cordoba,ayapel,CORDOBA,ayapel,14456,14136,AE,6836,"47,70%"
23079,23,079,cordoba,buenavista cordoba,CORDOBA,buenavista,9116,8911,ICC,6031,"66,80%"
23090,23,090,cordoba,canalete,CORDOBA,canalete,8167,8036,ICC,4934,"60,88%"
23162,23,162,cordoba,cerete,CORDOBA,cerete,44885,43787,ICC,26771,"60,19%"
23168,23,168,cordoba,chima,CORDOBA,chima,7125,7040,ICC,3737,"52,70%"
23182,23,182,cordoba,chinu,CORDOBA,chinu,23972,23317,AE,11401,"48,14%"
23189,23,189,cordoba,cienaga de oro,CORDOBA,cienaga de oro,26593,26123,ICC,18890,"71,55%"
23300,23,300,cordoba,cotorra,CORDOBA,cotorra,9024,8872,ICC,5000,"55,75%"
23350,23,350,cordoba,la apartada,CORDOBA,la apartada,6097,5951,ICC,4263,"70,57%"
23417,23,417,cordoba,lorica,CORDOBA,lorica,45014,44153,ICC,26216,"58,63%"
23419,23,419,cordoba,los cordobas,CORDOBA,los cordobas,7656,7487,ICC,3699,"48,70%"
23464,23,464,cordoba,momil,CORDOBA,momil,7830,7657,ICC,3785,"48,72%"
23466,23,466,cordoba,montelibano,CORDOBA,montelibano,32050,31254,ICC,22618,"71,17%"
23001,23,001,cordoba,monteria,CORDOBA,monteria,208585,203933,ICC,104497,"50,47%"
23500,23,500,cordoba,monitos,CORDOBA,monitos,10419,10269,ICC,5012,"48,38%"
23555,23,555,cordoba,planeta rica,CORDOBA,planeta rica,27361,26519,ICC,14570,"54,17%"
23570,23,570,cordoba,pueblo nuevo,CORDOBA,pueblo nuevo,14347,14079,AE,6801,"47,71%"
23574,23,574,cordoba,puerto escondido,CORDOBA,puerto escondido,9013,8872,ICC,4265,"47,63%"
23580,23,580,cordoba,puerto libertador,CORDOBA,puerto libertador,15195,14766,ICC,10511,"69,85%"
23586,23,586,cordoba,purisima de la concepcion,CORDOBA,purisima,7068,6892,AE,3679,"52,73%"
23660,23,660,cordoba,sahagun,CORDOBA,sahagun,45411,44527,ICC,25022,"55,53%"
23670,23,670,cordoba,san andres de sotavento,CORDOBA,san andres sotavento,17066,16741,ICC,10960,"64,83%"
23672,23,672,cordoba,san antero,CORDOBA,san antero,12498,12110,ICC,6315,"51,44%"
23675,23,675,cordoba,san bernardo de viento,CORDOBA,san bernardo del viento,12831,12595,ICC,8369,"65,65%"
23678,23,678,cordoba,san carlos cordoba,CORDOBA,san carlos,9470,9281,ICC,4560,"48,51%"
,,,cordoba,san jose de ure,CORDOBA,san jose de ure,4191,4106,ICC,3228,"77,50%"
23686,23,686,cordoba,san pelayo,CORDOBA,san pelayo,20706,20385,ICC,11037,"53,55%"
23807,23,807,cordoba,tierralta,CORDOBA,tierralta,28743,27965,ICC,17296,"60,85%"
,,,cordoba,tuchin,CORDOBA,tuchin,14066,13733,ICC,8706,"62,70%"
23855,23,855,cordoba,valencia,CORDOBA,valencia,12616,12330,ICC,6175,"49,34%"
25001,25,001,cundinamarca,agua de dios,CUNDINAMARCA,agua de dios,5940,5750,AE,2712,"46,38%"
25019,25,019,cundinamarca,alban cundinamarca,CUNDINAMARCA,alban,3421,3313,AE,1883,"55,77%"
25035,25,035,cundinamarca,anapoima,CUNDINAMARCA,anapoima,8775,8571,AE,5012,"57,70%"
25040,25,040,cundinamarca,anolaima,CUNDINAMARCA,anolaima,7811,7602,AE,4389,"56,83%"
25599,25,599,cundinamarca,apulo,CUNDINAMARCA,apulo,4585,4455,AE,2622,"57,97%"
25053,25,053,cundinamarca,arbelaez,CUNDINAMARCA,arbelaez,6728,6557,AE,3750,"56,21%"
25086,25,086,cundinamarca,beltran,CUNDINAMARCA,beltran,1192,1163,AE,673,"57,27%"
25095,25,095,cundinamarca,bituima,CUNDINAMARCA,bituima,1718,1682,AE,1079,"63,43%"
25099,25,099,cundinamarca,bojaca,CUNDINAMARCA,bojaca,5605,5295,ICC,2473,"45,74%"
25120,25,120,cundinamarca,cabrera cundinamarca,CUNDINAMARCA,cabrera,2002,1946,ICC,1203,"60,88%"
25123,25,123,cundinamarca,cachipay,CUNDINAMARCA,cachipay,6511,6343,AE,3574,"55,55%"
25126,25,126,cundinamarca,cajica,CUNDINAMARCA,cajica,53818,52379,AE,25420,"47,70%"
25148,25,148,cundinamarca,caparrapi,CUNDINAMARCA,caparrapi,5678,5534,AE,4269,"76,04%"
25151,25,151,cundinamarca,caqueza,CUNDINAMARCA,caqueza,9951,9635,AE,5809,"59,34%"
25154,25,154,cundinamarca,carmen de carupa,CUNDINAMARCA,carmen de carupa,4022,3878,AE,2448,"61,86%"
25168,25,168,cundinamarca,chaguani,CUNDINAMARCA,chaguani,2308,2264,AE,1522,"66,43%"
25175,25,175,cundinamarca,chia,CUNDINAMARCA,chia,95544,93224,AE,47983,"50,61%"
25178,25,178,cundinamarca,chipaque,CUNDINAMARCA,chipaque,5866,5698,AE,3497,"60,49%"
25181,25,181,cundinamarca,choachi,CUNDINAMARCA,choachi,8512,8327,AE,5595,"66,26%"
25183,25,183,cundinamarca,choconta,CUNDINAMARCA,choconta,11344,10869,AE,6416,"57,76%"
25200,25,200,cundinamarca,cogua,CUNDINAMARCA,cogua,12868,12334,AE,5245,"41,54%"
25214,25,214,cundinamarca,cota,CUNDINAMARCA,cota,22726,22151,AE,11715,"51,97%"
25224,25,224,cundinamarca,cucunuba,CUNDINAMARCA,cucunuba,4015,3895,AE,2804,"70,79%"
25245,25,245,cundinamarca,el colegio,CUNDINAMARCA,el colegio,15091,14705,AE,7349,"49,26%"
25258,25,258,cundinamarca,el penon cundinamarca,CUNDINAMARCA,el penon,2505,2465,AE,1810,"72,69%"
25260,25,260,cundinamarca,el rosal,CUNDINAMARCA,el rosal,15304,14349,AE,6554,"44,42%"
25269,25,269,cundinamarca,facatativa,CUNDINAMARCA,facatativa,74627,71049,ICC,34701,"47,75%"
25279,25,279,cundinamarca,fomeque,CUNDINAMARCA,fomeque,6771,6641,AE,4786,"71,18%"
25281,25,281,cundinamarca,fosca,CUNDINAMARCA,fosca,3502,3459,AE,2487,"71,19%"
25286,25,286,cundinamarca,funza,CUNDINAMARCA,funza,59358,57060,ICC,25293,"43,33%"
25288,25,288,cundinamarca,fuquene,CUNDINAMARCA,fuquene,3018,2906,AE,1637,"55,26%"
25290,25,290,cundinamarca,fusagasuga,CUNDINAMARCA,fusagasuga,83641,81350,AE,41650,"50,38%"
25293,25,293,cundinamarca,gachala,CUNDINAMARCA,gachala,2749,2682,AE,1644,"60,55%"
25295,25,295,cundinamarca,gachancipa,CUNDINAMARCA,gachancipa,9743,9249,ICC,4679,"49,20%"
25297,25,297,cundinamarca,gacheta,CUNDINAMARCA,gacheta,5268,5117,AE,3018,"58,07%"
25299,25,299,cundinamarca,gama,CUNDINAMARCA,gama,1964,1924,AE,1330,"68,41%"
25307,25,307,cundinamarca,girardot,CUNDINAMARCA,girardot,56007,54381,AE,26476,"47,94%"
25312,25,312,cundinamarca,granada cundinamarca,CUNDINAMARCA,granada,4505,4360,AE,2030,"45,78%"
25317,25,317,cundinamarca,guacheta,CUNDINAMARCA,guacheta,6271,5998,AE,3635,"59,20%"
25320,25,320,cundinamarca,guaduas,CUNDINAMARCA,guaduas,14150,13695,AE,8064,"57,82%"
25322,25,322,cundinamarca,guasca,CUNDINAMARCA,guasca,8865,8334,AE,3822,"44,50%"
25324,25,324,cundinamarca,guataqui,CUNDINAMARCA,guataqui,1359,1337,AE,754,"56,10%"
25326,25,326,cundinamarca,guatavita,CUNDINAMARCA,guatavita,4155,4015,AE,2422,"59,15%"
25328,25,328,cundinamarca,guayabal de siquima,CUNDINAMARCA,guayabal de siquima,3085,2993,AE,1730,"56,81%"
25335,25,335,cundinamarca,guayabetal,CUNDINAMARCA,guayabetal,3106,3023,AE,2080,"67,88%"
25339,25,339,cundinamarca,gutierrez,CUNDINAMARCA,gutierrez,1998,1979,AE,1636,"82,21%"
25368,25,368,cundinamarca,jerusalen,CUNDINAMARCA,jerusalen,1586,1566,AE,953,"60,39%"
25372,25,372,cundinamarca,junin,CUNDINAMARCA,junin,3383,3283,AE,2193,"65,73%"
25377,25,377,cundinamarca,la calera,CUNDINAMARCA,la calera,18287,17739,AE,7725,"42,72%"
25386,25,386,cundinamarca,la mesa,CUNDINAMARCA,la mesa,18128,17621,AE,9127,"51,00%"
25394,25,394,cundinamarca,la palma,CUNDINAMARCA,la palma,4033,3932,AE,2358,"59,26%"
25398,25,398,cundinamarca,la pena,CUNDINAMARCA,la pena,3560,3471,AE,2456,"69,89%"
25402,25,402,cundinamarca,la vega cundinamarca,CUNDINAMARCA,la vega,9644,9437,AE,6072,"63,56%"
25407,25,407,cundinamarca,lenguazaque,CUNDINAMARCA,lenguazaque,5601,5462,AE,4162,"75,08%"
25426,25,426,cundinamarca,macheta,CUNDINAMARCA,macheta,4306,4213,AE,2939,"69,03%"
25430,25,430,cundinamarca,madrid,CUNDINAMARCA,madrid,69475,66584,ICC,31763,"46,65%"
25436,25,436,cundinamarca,manta,CUNDINAMARCA,manta,2727,2682,AE,1768,"65,02%"
25438,25,438,cundinamarca,medina,CUNDINAMARCA,medina,4303,4214,AE,3176,"74,53%"
25473,25,473,cundinamarca,mosquera cundinamarca,CUNDINAMARCA,mosquera,74839,72315,ICC,31194,"42,23%"
25483,25,483,cundinamarca,narino cundinamarca,CUNDINAMARCA,narino,1561,1530,AE,697,"45,14%"
25486,25,486,cundinamarca,nemocon,CUNDINAMARCA,nemocon,8560,8136,AE,3786,"45,47%"
25488,25,488,cundinamarca,nilo,CUNDINAMARCA,nilo,3629,3563,AE,2133,"59,15%"
25489,25,489,cundinamarca,nimaima,CUNDINAMARCA,nimaima,2260,2229,AE,1579,"70,24%"
25491,25,491,cundinamarca,nocaima,CUNDINAMARCA,nocaima,3609,3539,AE,2080,"58,19%"
25513,25,513,cundinamarca,pacho,CUNDINAMARCA,pacho,15015,14609,AE,9225,"62,14%"
25518,25,518,cundinamarca,paime,CUNDINAMARCA,paime,2534,2494,AE,1704,"67,67%"
25524,25,524,cundinamarca,pandi,CUNDINAMARCA,pandi,2586,2524,AE,1336,"52,18%"
25530,25,530,cundinamarca,paratebueno,CUNDINAMARCA,paratebueno,4779,4683,AE,3221,"68,16%"
25535,25,535,cundinamarca,pasca,CUNDINAMARCA,pasca,5375,5186,ICC,2513,"47,59%"
25572,25,572,cundinamarca,puerto salgar,CUNDINAMARCA,puerto salgar,7603,7315,AE,3757,"50,49%"
25580,25,580,cundinamarca,puli,CUNDINAMARCA,puli,1447,1406,AE,825,"57,81%"
25592,25,592,cundinamarca,quebradanegra,CUNDINAMARCA,quebradanegra,3107,3064,AE,2357,"76,35%"
25594,25,594,cundinamarca,quetame,CUNDINAMARCA,quetame,3968,3871,AE,2300,"58,53%"
25596,25,596,cundinamarca,quipile,CUNDINAMARCA,quipile,3693,3632,AE,2428,"66,28%"
25612,25,612,cundinamarca,ricaurte cundinamarca,CUNDINAMARCA,ricaurte,8306,8112,AE,4451,"54,04%"
25645,25,645,cundinamarca,san antonio de tequendama,CUNDINAMARCA,san antonio del tequendama,6324,6178,AE,3165,"50,53%"
25649,25,649,cundinamarca,san bernardo cundinamarca,CUNDINAMARCA,san bernardo,4523,4439,AE,2595,"57,92%"
25653,25,653,cundinamarca,san cayetano cundinamarca,CUNDINAMARCA,san cayetano,2337,2297,AE,1560,"67,18%"
25658,25,658,cundinamarca,san francisco cundinamarca,CUNDINAMARCA,san francisco,6418,6259,AE,3805,"59,94%"
25662,25,662,cundinamarca,san juan de rioseco,CUNDINAMARCA,san juan de rio seco,5342,5221,AE,3126,"59,23%"
25718,25,718,cundinamarca,sasaima,CUNDINAMARCA,sasaima,6148,5945,AE,3590,"59,31%"
25736,25,736,cundinamarca,sesquile,CUNDINAMARCA,sesquile,7075,6697,AE,2970,"43,33%"
25740,25,740,cundinamarca,sibate,CUNDINAMARCA,sibate,19037,18300,ICC,8296,"44,40%"
25743,25,743,cundinamarca,silvania,CUNDINAMARCA,silvania,13475,13116,AE,7081,"53,34%"
25745,25,745,cundinamarca,simijaca,CUNDINAMARCA,simijaca,6891,6678,AE,4122,"60,48%"
25754,25,754,cundinamarca,soacha,CUNDINAMARCA,soacha,259197,249841,ICC,139603,"54,72%"
25758,25,758,cundinamarca,sopo,CUNDINAMARCA,sopo,16417,15823,ICC,7099,"43,84%"
25769,25,769,cundinamarca,subachoque,CUNDINAMARCA,subachoque,9917,9585,AE,5771,"59,00%"
25772,25,772,cundinamarca,suesca,CUNDINAMARCA,suesca,8800,8280,ICC,3958,"46,41%"
25777,25,777,cundinamarca,supata,CUNDINAMARCA,supata,3050,2987,AE,2013,"66,47%"
25779,25,779,cundinamarca,susa,CUNDINAMARCA,susa,3774,3678,AE,2382,"63,60%"
25781,25,781,cundinamarca,sutatausa,CUNDINAMARCA,sutatausa,3114,2970,AE,1775,"58,29%"
25785,25,785,cundinamarca,tabio,CUNDINAMARCA,tabio,14024,13498,AE,6721,"48,67%"
25793,25,793,cundinamarca,tausa,CUNDINAMARCA,tausa,4554,4364,AE,2936,"65,57%"
25797,25,797,cundinamarca,tena,CUNDINAMARCA,tena,5259,5133,AE,2862,"54,97%"
25799,25,799,cundinamarca,tenjo,CUNDINAMARCA,tenjo,14852,14188,AE,6939,"47,82%"
25805,25,805,cundinamarca,tibacuy,CUNDINAMARCA,tibacuy,2956,2891,AE,1478,"50,65%"
25807,25,807,cundinamarca,tibirita,CUNDINAMARCA,tibirita,1823,1787,AE,1041,"57,67%"
25815,25,815,cundinamarca,tocaima,CUNDINAMARCA,tocaima,7129,6892,AE,3692,"52,57%"
25817,25,817,cundinamarca,tocancipa,CUNDINAMARCA,tocancipa,33627,32260,ICC,16891,"51,25%"
25823,25,823,cundinamarca,topaipi,CUNDINAMARCA,topaipi,2144,2095,AE,1420,"67,10%"
25839,25,839,cundinamarca,ubala,CUNDINAMARCA,ubala,4769,4639,AE,3176,"67,57%"
25841,25,841,cundinamarca,ubaque,CUNDINAMARCA,ubaque,4227,4096,AE,2580,"61,95%"
25843,25,843,cundinamarca,villa de san diego de ubate,CUNDINAMARCA,ubate,26112,25002,AE,13478,"52,59%"
25845,25,845,cundinamarca,une,CUNDINAMARCA,une,4542,4387,AE,2717,"60,66%"
25851,25,851,cundinamarca,utica,CUNDINAMARCA,utica,3146,3092,AE,2504,"80,05%"
25506,25,506,cundinamarca,venecia cundinamarca,CUNDINAMARCA,venecia,2188,2141,AE,1097,"50,64%"
25862,25,862,cundinamarca,vergara,CUNDINAMARCA,vergara,4180,4099,AE,2837,"68,39%"
25867,25,867,cundinamarca,viani,CUNDINAMARCA,viani,2781,2720,AE,1643,"59,57%"
25871,25,871,cundinamarca,villagomez,CUNDINAMARCA,villagomez,1251,1228,AE,784,"63,32%"
25873,25,873,cundinamarca,villapinzon,CUNDINAMARCA,villapinzon,10907,10579,AE,7402,"68,65%"
25875,25,875,cundinamarca,villeta,CUNDINAMARCA,villeta,16559,16155,AE,10548,"64,25%"
25878,25,878,cundinamarca,viota,CUNDINAMARCA,viota,7233,7089,AE,3681,"51,43%"
25885,25,885,cundinamarca,yacopi,CUNDINAMARCA,yacopi,5392,5288,AE,3944,"73,89%"
25898,25,898,cundinamarca,zipacon,CUNDINAMARCA,zipacon,2994,2881,AE,1444,"49,19%"
25899,25,899,cundinamarca,zipaquira,CUNDINAMARCA,zipaquira,85160,81988,ICC,39011,"46,56%"
94343,94,343,guainia,barranco minas,GUAINIA,barranco minas,1724,1675,ICC,1457,"85,70%"
94886,94,886,guainia,cacahual,GUAINIA,cacahual,41,38,ICC,31,"75,60%"
94001,94,001,guainia,inirida,GUAINIA,inirida,9623,9324,ICC,4926,"51,72%"
94885,94,885,guainia,la guadalupe,GUAINIA,la guadalupe,63,63,ICC,25,"39,68%"
94888,94,888,guainia,morichal nuevo,GUAINIA,morichal nuevo,56,56,ICC,43,"76,78%"
94887,94,887,guainia,campo alegre,GUAINIA,pana pana,247,232,ICC,144,"58,53%"
94884,94,884,guainia,puerto colombia guainia,GUAINIA,puerto colombia,226,225,AE,115,"50,88%"
94883,94,883,guainia,san felipe,GUAINIA,san felipe,154,149,AE,64,"41,83%"
95015,95,015,guaviare,calamar guaviare,GUAVIARE,calamar,3161,2967,ICC,1434,"46,55%"
95025,95,025,guaviare,el retorno,GUAVIARE,el retorno,4703,4458,AE,2609,"56,80%"
95200,95,200,guaviare,miraflores guaviare,GUAVIARE,miraflores,1160,1100,ICC,788,"69,73%"
95001,95,001,guaviare,san jose de guaviare,GUAVIARE,san jose del guaviare,25927,24436,AE,12040,"47,64%"
41006,41,006,huila,acevedo,HUILA,acevedo,12903,12572,AE,8820,"69,12%"
41013,41,013,huila,agrado,HUILA,agrado,4795,4667,AE,3022,"63,75%"
41016,41,016,huila,aipe,HUILA,aipe,9266,9004,AE,4851,"52,94%"
41020,41,020,huila,algeciras,HUILA,algeciras,9648,9205,AE,5261,"55,74%"
41026,41,026,huila,altamira,HUILA,altamira,2020,1974,AE,1075,"53,56%"
41078,41,078,huila,baraya,HUILA,baraya,3392,3237,AE,2084,"63,63%"
41132,41,132,huila,campoalegre,HUILA,campoalegre,15578,14860,AE,7645,"50,29%"
41206,41,206,huila,colombia,HUILA,colombia,3518,3445,AE,2382,"68,15%"
41244,41,244,huila,elias,HUILA,elias,2310,2255,AE,1482,"64,74%"
41298,41,298,huila,garzon,HUILA,garzon,37216,36031,AE,21897,"59,62%"
41306,41,306,huila,gigante,HUILA,gigante,12022,11657,AE,7006,"59,11%"
41319,41,319,huila,guadalupe,HUILA,guadalupe,8156,7895,AE,5302,"65,87%"
41349,41,349,huila,hobo,HUILA,hobo,3568,3439,AE,1901,"54,11%"
41357,41,357,huila,iquira,HUILA,iquira,4744,4599,AE,2119,"45,26%"
41359,41,359,huila,isnos,HUILA,isnos,13431,12808,AE,6223,"47,27%"
41378,41,378,huila,la argentina,HUILA,la argentina,6975,6679,AE,3918,"57,08%"
41396,41,396,huila,la plata,HUILA,la plata,26887,25881,AE,14671,"55,49%"
41483,41,483,huila,nataga,HUILA,nataga,2878,2744,AE,1268,"44,91%"
41001,41,001,huila,neiva,HUILA,neiva,185948,180731,AE,85998,"46,78%"
41503,41,503,huila,oporapa,HUILA,oporapa,5505,5370,AE,3870,"70,80%"
41518,41,518,huila,paicol,HUILA,paicol,3518,3449,AE,2560,"73,37%"
41524,41,524,huila,palermo,HUILA,palermo,13021,12651,AE,7265,"56,45%"
41530,41,530,huila,palestina huila,HUILA,palestina,6010,5772,AE,3491,"58,97%"
41548,41,548,huila,pital,HUILA,el pital,6205,6070,AE,3926,"63,80%"
41551,41,551,huila,pitalito,HUILA,pitalito,65462,63446,AE,34502,"53,31%"
41615,41,615,huila,rivera,HUILA,rivera,12595,12174,AE,6181,"49,83%"
41660,41,660,huila,saladoblanco,HUILA,saladoblanco,6342,6194,AE,4668,"74,29%"
41668,41,668,huila,san agustin,HUILA,san agustin,15796,15314,AE,8483,"54,34%"
41676,41,676,huila,santa maria huila,HUILA,santa maria,5222,5101,AE,3457,"66,85%"
41770,41,770,huila,suaza,HUILA,suaza,9179,8932,AE,6145,"67,73%"
41791,41,791,huila,tarqui,HUILA,tarqui,7663,7445,AE,5038,"66,39%"
41799,41,799,huila,tello,HUILA,tello,5824,5632,AE,3536,"61,55%"
41801,41,801,huila,teruel,HUILA,teruel,3864,3775,AE,2567,"67,02%"
41797,41,797,huila,tesalia,HUILA,tesalia,5531,5339,AE,3825,"70,33%"
41807,41,807,huila,timana,HUILA,timana,10041,9761,AE,6361,"64,05%"
41872,41,872,huila,villavieja,HUILA,villavieja,3993,3878,AE,1951,"49,55%"
41885,41,885,huila,yaguara,HUILA,yaguara,4830,4686,AE,2862,"60,07%"
44035,44,035,la guajira,albania la guajira,LA GUAJIRA,albania,10030,9769,ICC,7040,"71,20%"
44078,44,078,la guajira,barrancas,LA GUAJIRA,barrancas,12260,12070,ICC,8124,"66,64%"
44090,44,090,la guajira,dibulla,LA GUAJIRA,dibulla,8879,8665,ICC,5527,"62,88%"
44098,44,098,la guajira,distraccion,LA GUAJIRA,distraccion,4985,4889,ICC,2764,"55,86%"
44110,44,110,la guajira,el molino,LA GUAJIRA,el molino,4285,4184,ICC,2114,"49,94%"
44279,44,279,la guajira,fonseca,LA GUAJIRA,fonseca,15163,14850,ICC,9393,"62,34%"
44378,44,378,la guajira,hatonuevo,LA GUAJIRA,hatonuevo,7266,7127,ICC,5031,"69,73%"
44420,44,420,la guajira,la jagua de pilar,LA GUAJIRA,la jagua del pilar,2586,2516,ICC,1435,"56,14%"
44430,44,430,la guajira,maicao,LA GUAJIRA,maicao,50548,49142,ICC,25692,"51,40%"
44560,44,560,la guajira,manaure,LA GUAJIRA,manaure,13466,13015,ICC,7997,"60,67%"
44001,44,001,la guajira,riohacha,LA GUAJIRA,riohacha,70779,68623,ICC,37453,"53,58%"
44650,44,650,la guajira,san juan de cesar,LA GUAJIRA,san juan del cesar,18906,18472,AE,10232,"54,68%"
44847,44,847,la guajira,uribia,LA GUAJIRA,uribia,22886,21974,ICC,12551,"56,36%"
44855,44,855,la guajira,urumita,LA GUAJIRA,urumita,5345,5242,ICC,3036,"57,17%"
44874,44,874,la guajira,villanueva la guajira,LA GUAJIRA,villanueva,10080,9838,ICC,5027,"50,46%"
47030,47,030,magdalena,algarrobo,MAGDALENA,algarrobo,4953,4850,ICC,3585,"72,96%"
47053,47,053,magdalena,aracataca,MAGDALENA,aracataca,12494,12182,ICC,7645,"61,70%"
47058,47,058,magdalena,ariguani,MAGDALENA,ariguani,11450,11153,AE,5232,"46,31%"
47161,47,161,magdalena,cerro de san antonio,MAGDALENA,cerro de san antonio,3299,3250,AE,1769,"54,09%"
47170,47,170,magdalena,chivolo,MAGDALENA,chivolo,6929,6808,AE,3685,"53,54%"
47189,47,189,magdalena,cienaga,MAGDALENA,cienaga,43832,42524,ICC,25967,"59,95%"
47205,47,205,magdalena,concordia magdalena,MAGDALENA,concordia,4418,4363,ICC,2414,"55,00%"
47245,47,245,magdalena,el banco,MAGDALENA,el banco,22571,22127,AE,11876,"53,12%"
47258,47,258,magdalena,el pinon,MAGDALENA,el pinon,5849,5744,ICC,2868,"49,38%"
47268,47,268,magdalena,el reten,MAGDALENA,el reten,6939,6779,ICC,5223,"75,98%"
47288,47,288,magdalena,fundacion,MAGDALENA,fundacion,24745,24118,ICC,11518,"47,06%"
47318,47,318,magdalena,guamal magdalena,MAGDALENA,guamal,10388,10248,AE,5965,"57,72%"
47460,47,460,magdalena,nueva granada,MAGDALENA,nueva granada,7678,7514,AE,4128,"54,21%"
47541,47,541,magdalena,pedraza,MAGDALENA,pedraza,3846,3768,AE,2096,"55,24%"
47545,47,545,magdalena,pijino de carmen,MAGDALENA,pijino del carmen,4729,4635,AE,2588,"55,18%"
47551,47,551,magdalena,pivijay,MAGDALENA,pivijay,13228,12918,ICC,7442,"56,89%"
47555,47,555,magdalena,plato,MAGDALENA,plato,19713,19334,ICC,10745,"54,99%"
47570,47,570,magdalena,puebloviejo,MAGDALENA,pueblo viejo,8209,7991,ICC,4940,"60,95%"
47605,47,605,magdalena,remolino,MAGDALENA,remolino,3610,3557,ICC,2364,"65,84%"
47660,47,660,magdalena,sabanas de san angel,MAGDALENA,sabanas de san angel,5502,5406,AE,2687,"49,22%"
47675,47,675,magdalena,salamina magdalena,MAGDALENA,salamina,3895,3827,ICC,2013,"51,92%"
47692,47,692,magdalena,san sebastian de buenavista,MAGDALENA,san sebastian de buenavista,8129,8017,AE,4425,"54,70%"
47703,47,703,magdalena,san zenon,MAGDALENA,san zenon,4496,4439,AE,1888,"42,18%"
47707,47,707,magdalena,santa ana,MAGDALENA,santa ana,8699,8585,AE,5794,"66,95%"
47720,47,720,magdalena,santa barbara de pinto,MAGDALENA,santa barbara de pinto,4053,3984,ICC,2323,"57,69%"
47001,47,001,magdalena,santa marta,MAGDALENA,santa marta,217221,211364,ICC,112812,"52,40%"
47745,47,745,magdalena,sitionuevo,MAGDALENA,sitionuevo,7533,7366,ICC,4427,"59,40%"
47798,47,798,magdalena,tenerife,MAGDALENA,tenerife,5027,4913,ICC,2740,"55,05%"
47960,47,960,magdalena,zapayan,MAGDALENA,zapayan,3940,3872,AE,2435,"62,37%"
47980,47,980,magdalena,zona bananera,MAGDALENA,zona bananera,20618,19998,ICC,14635,"72,06%"
50006,50,006,meta,acacias,META,acacias,59158,56319,AE,30711,"53,45%"
50110,50,110,meta,barranca de upia,META,barranca de upia,3711,3529,AE,1818,"50,34%"
50124,50,124,meta,cabuyaro,META,cabuyaro,4255,4060,AE,2468,"59,32%"
50150,50,150,meta,castilla la nueva,META,castilla la nueva,10159,9684,AE,5026,"50,82%"
50223,50,223,meta,cubarral,META,cubarral,3933,3855,AE,2654,"67,98%"
50226,50,226,meta,cumaral,META,cumaral,13359,12933,AE,7338,"55,72%"
50245,50,245,meta,el calvario,META,el calvario,774,762,AE,527,"68,53%"
50251,50,251,meta,el castillo,META,el castillo,3468,3321,ICC,1529,"44,95%"
50270,50,270,meta,el dorado,META,el dorado,2601,2533,AE,1652,"64,43%"
50287,50,287,meta,fuente de oro,META,fuente de oro,5889,5658,AE,3214,"55,81%"
50313,50,313,meta,granada meta,META,granada,36192,34765,AE,19393,"54,67%"
50318,50,318,meta,guamal meta,META,guamal,10453,10112,AE,6331,"61,64%"
50350,50,350,meta,la macarena,META,la macarena,7367,6801,ICC,4053,"56,98%"
50400,50,400,meta,lejanias,META,lejanias,5201,4983,AE,3018,"59,38%"
50325,50,325,meta,mapiripan,META,mapiripan,2751,2634,AE,1260,"47,19%"
50330,50,330,meta,mesetas,META,mesetas,5332,5090,ICC,2625,"50,24%"
50450,50,450,meta,puerto concordia,META,puerto concordia,3651,3486,AE,1726,"48,55%"
50568,50,568,meta,puerto gaitan,META,puerto gaitan,35895,33409,ICC,15043,"43,69%"
50577,50,577,meta,puerto lleras,META,puerto lleras,3868,3767,AE,2259,"59,24%"
50573,50,573,meta,puerto lopez,META,puerto lopez,16159,15501,AE,8631,"54,60%"
50590,50,590,meta,puerto rico meta,META,puerto rico,5049,4783,ICC,2214,"45,25%"
50606,50,606,meta,restrepo meta,META,restrepo,11725,11501,AE,6950,"59,78%"
50680,50,680,meta,san carlos de guaroa,META,san carlos de guaroa,6174,5931,AE,3223,"53,37%"
50683,50,683,meta,san juan de arama,META,san juan de arama,3620,3502,AE,1682,"47,11%"
50686,50,686,meta,san juanito,META,san juanito,737,710,AE,522,"71,70%"
50689,50,689,meta,san martin meta,META,san martin,11784,11348,AE,6590,"56,98%"
50370,50,370,meta,uribe,META,la uribe,5040,4894,ICC,4282,"86,29%"
50001,50,001,meta,villavicencio,META,villavicencio,260921,254272,AE,136730,"52,99%"
50711,50,711,meta,vistahermosa,META,vistahermosa,7729,7301,AE,3670,"48,96%"
52019,52,019,narino,alban narino,NARIÑO,alban,4515,4347,AE,1787,"40,27%"
52022,52,022,narino,aldana,NARIÑO,aldana,4206,4083,ICC,2718,"65,71%"
52036,52,036,narino,ancuya,NARIÑO,ancuya,3881,3798,ICC,3033,"78,86%"
52051,52,051,narino,arboleda,NARIÑO,arboleda,3363,3227,ICC,1711,"51,69%"
52079,52,079,narino,barbacoas,NARIÑO,barbacoas,8127,7747,ICC,6204,"78,34%"
52083,52,083,narino,belen narino,NARIÑO,belen,3127,2958,ICC,1828,"59,25%"
52110,52,110,narino,buesaco,NARIÑO,buesaco,10801,10375,ICC,5091,"48,01%"
52240,52,240,narino,chachagui,NARIÑO,chachagui,8027,7811,ICC,5575,"70,31%"
52203,52,203,narino,colon narino,NARIÑO,colon,3754,3503,ICC,2515,"68,97%"
52207,52,207,narino,consaca,NARIÑO,consaca,5629,5403,ICC,3385,"61,33%"
52210,52,210,narino,contadero,NARIÑO,contadero,3804,3726,ICC,2331,"61,83%"
52215,52,215,narino,cordoba narino,NARIÑO,cordoba,6586,6400,ICC,5158,"79,07%"
52224,52,224,narino,cuaspud carlosama,NARIÑO,cuaspud,4646,4461,ICC,3250,"71,45%"
52227,52,227,narino,cumbal,NARIÑO,cumbal,16288,15856,ICC,12532,"77,78%"
52233,52,233,narino,cumbitara,NARIÑO,cumbitara,5163,4740,ICC,4107,"82,37%"
52250,52,250,narino,el charco,NARIÑO,el charco,7545,7266,ICC,6318,"85,57%"
52254,52,254,narino,el penol narino,NARIÑO,el penol,4035,3851,ICC,2600,"65,88%"
52256,52,256,narino,el rosario,NARIÑO,el rosario,4490,4241,ICC,3564,"81,31%"
52258,52,258,narino,el tablon de gomez,NARIÑO,el tablon de gomez,6642,6421,ICC,3836,"58,30%"
52260,52,260,narino,el tambo narino,NARIÑO,el tambo,7791,7462,ICC,4105,"53,86%"
52520,52,520,narino,francisco pizarro,NARIÑO,francisco pizarro,3104,3038,ICC,2781,"90,70%"
52287,52,287,narino,funes,NARIÑO,funes,3600,3529,ICC,2138,"59,93%"
52317,52,317,narino,guachucal,NARIÑO,guachucal,9905,9631,ICC,7263,"74,21%"
52320,52,320,narino,guaitarilla,NARIÑO,guaitarilla,6316,6165,ICC,4863,"77,95%"
52323,52,323,narino,gualmatan,NARIÑO,gualmatan,3547,3403,ICC,2183,"62,38%"
52352,52,352,narino,iles,NARIÑO,iles,3994,3873,ICC,2732,"69,46%"
52354,52,354,narino,imues,NARIÑO,imues,4045,3950,ICC,2642,"65,81%"
52356,52,356,narino,ipiales,NARIÑO,ipiales,57283,55228,ICC,35198,"62,58%"
52378,52,378,narino,la cruz,NARIÑO,la cruz,8673,8346,ICC,5416,"63,45%"
52381,52,381,narino,la florida,NARIÑO,la florida,6027,5894,ICC,4156,"69,64%"
52385,52,385,narino,la llanada,NARIÑO,la llanada,2567,2417,ICC,1259,"50,27%"
52390,52,390,narino,la tola,NARIÑO,la tola,2451,2417,ICC,2132,"87,55%"
52399,52,399,narino,la union narino,NARIÑO,la union,13900,13120,ICC,6754,"49,94%"
52405,52,405,narino,leyva,NARIÑO,leiva,6135,5678,ICC,4283,"72,47%"
52411,52,411,narino,linares,NARIÑO,linares,4910,4734,ICC,3594,"74,45%"
52418,52,418,narino,los andes,NARIÑO,los andes,5521,5078,ICC,3502,"66,31%"
52427,52,427,narino,magui,NARIÑO,magui payan,3344,3299,ICC,3127,"94,15%"
52435,52,435,narino,mallama,NARIÑO,mallama,3541,3394,ICC,2775,"79,85%"
52473,52,473,narino,mosquera narino,NARIÑO,mosquera,2995,2970,ICC,2831,"94,96%"
52480,52,480,narino,narino narino,NARIÑO,narino,3442,3329,ICC,2080,"61,52%"
52490,52,490,narino,olaya herrera,NARIÑO,olaya herrera,6881,6710,ICC,6006,"88,51%"
52506,52,506,narino,ospina,NARIÑO,ospina,3250,3109,ICC,1862,"58,07%"
52001,52,001,narino,pasto,NARIÑO,pasto,215942,209860,ICC,140876,"66,02%"
52540,52,540,narino,policarpa,NARIÑO,policarpa,8934,8123,ICC,6712,"78,71%"
52560,52,560,narino,potosi,NARIÑO,potosi,5225,5112,ICC,3080,"59,45%"
52565,52,565,narino,providencia narino,NARIÑO,providencia,2997,2931,ICC,2578,"86,88%"
52573,52,573,narino,puerres,NARIÑO,puerres,4873,4767,ICC,3227,"66,89%"
52585,52,585,narino,pupiales,NARIÑO,pupiales,9718,9313,ICC,5072,"53,42%"
52612,52,612,narino,ricaurte narino,NARIÑO,ricaurte,6949,6747,ICC,5048,"74,00%"
52621,52,621,narino,roberto payan,NARIÑO,roberto payan,4592,4533,ICC,4325,"94,80%"
52678,52,678,narino,samaniego,NARIÑO,samaniego,13253,12838,ICC,10468,"80,16%"
52685,52,685,narino,san bernardo narino,NARIÑO,san bernardo,4209,4018,ICC,2020,"48,67%"
52687,52,687,narino,san lorenzo,NARIÑO,san lorenzo,8275,7771,ICC,4428,"55,35%"
52693,52,693,narino,san pablo narino,NARIÑO,san pablo,7177,6905,ICC,5664,"80,48%"
52694,52,694,narino,san pedro de cartago,NARIÑO,san pedro de cartago,3222,3058,AE,1382,"43,74%"
52683,52,683,narino,sandona,NARIÑO,sandona,10528,10185,ICC,6899,"66,56%"
52696,52,696,narino,santa barbara narino,NARIÑO,santa barbara,2983,2913,ICC,2558,"86,65%"
52699,52,699,narino,santacruz,NARIÑO,santacruz,3959,3832,ICC,3204,"82,00%"
52720,52,720,narino,sapuyes,NARIÑO,sapuyes,3608,3524,ICC,2382,"66,77%"
52786,52,786,narino,taminango,NARIÑO,taminango,8905,8657,ICC,7045,"79,92%"
52788,52,788,narino,tangua,NARIÑO,tangua,5933,5785,ICC,4032,"68,78%"
52835,52,835,narino,san andres de tumaco,NARIÑO,tumaco,55220,53328,ICC,41334,"76,19%"
52838,52,838,narino,tuquerres,NARIÑO,tuquerres,20713,19924,ICC,15394,"75,88%"
52885,52,885,narino,yacuanquer,NARIÑO,yacuanquer,6022,5795,ICC,4194,"71,19%"
54003,54,003,norte de san,abrego,NORTE DE SAN,abrego,13529,13263,AE,10215,"76,15%"
54051,54,051,norte de san,arboledas,NORTE DE SAN,arboledas,4880,4801,AE,3650,"75,39%"
54099,54,099,norte de san,bochalema,NORTE DE SAN,bochalema,5096,5018,AE,3973,"78,40%"
54109,54,109,norte de san,bucarasica,NORTE DE SAN,bucarasica,2740,2686,AE,2346,"86,47%"
54128,54,128,norte de san,cachira,NORTE DE SAN,cachira,4677,4631,AE,3885,"83,49%"
54125,54,125,norte de san,cacota,NORTE DE SAN,cacota,1594,1556,AE,1226,"77,74%"
54172,54,172,norte de san,chinacota,NORTE DE SAN,chinacota,10058,9847,AE,7401,"74,22%"
54174,54,174,norte de san,chitaga,NORTE DE SAN,chitaga,5478,5353,AE,4114,"75,98%"
54206,54,206,norte de san,convencion,NORTE DE SAN,convencion,6391,6145,AE,3082,"48,99%"
54001,54,001,norte de san,san jose de cucuta,NORTE DE SAN,cucuta,373636,366829,AE,267412,"72,12%"
54223,54,223,norte de san,cucutilla,NORTE DE SAN,cucutilla,4376,4286,AE,3403,"78,60%"
54239,54,239,norte de san,durania,NORTE DE SAN,durania,3050,2999,AE,2251,"74,29%"
54245,54,245,norte de san,el carmen,NORTE DE SAN,el carmen,5230,5137,AE,3372,"65,10%"
54250,54,250,norte de san,el tarra,NORTE DE SAN,el tarra,6512,6241,ICC,4640,"72,52%"
54261,54,261,norte de san,el zulia,NORTE DE SAN,el zulia,14983,14670,AE,11657,"78,62%"
54313,54,313,norte de san,gramalote,NORTE DE SAN,gramalote,3685,3646,AE,2923,"79,73%"
54344,54,344,norte de san,hacari,NORTE DE SAN,hacari,3259,3165,ICC,2076,"64,63%"
54347,54,347,norte de san,herran,NORTE DE SAN,herran,1825,1801,AE,1540,"84,84%"
54385,54,385,norte de san,la esperanza,NORTE DE SAN,la esperanza,5690,5548,AE,3797,"67,50%"
54398,54,398,norte de san,la playa,NORTE DE SAN,la playa,3010,2946,AE,2204,"73,95%"
54377,54,377,norte de san,labateca,NORTE DE SAN,labateca,3169,3132,AE,2640,"83,65%"
54405,54,405,norte de san,los patios,NORTE DE SAN,los patios,46460,45690,AE,33470,"72,49%"
54418,54,418,norte de san,lourdes,NORTE DE SAN,lourdes,2393,2359,AE,1973,"82,93%"
54480,54,480,norte de san,mutiscua,NORTE DE SAN,mutiscua,2114,2084,AE,1765,"83,84%"
54498,54,498,norte de san,ocana,NORTE DE SAN,ocana,56251,54945,AE,37018,"66,43%"
54518,54,518,norte de san,pamplona,NORTE DE SAN,pamplona,29627,28655,AE,16850,"57,60%"
54520,54,520,norte de san,pamplonita,NORTE DE SAN,pamplonita,3292,3216,AE,2471,"75,86%"
54553,54,553,norte de san,puerto santander norte de santander,NORTE DE SAN,puerto santander,3687,3617,AE,2829,"77,59%"
54599,54,599,norte de san,ragonvalia,NORTE DE SAN,ragonvalia,2934,2884,AE,2417,"83,20%"
54660,54,660,norte de san,salazar,NORTE DE SAN,salazar,5639,5561,AE,4599,"82,15%"
54670,54,670,norte de san,san calixto,NORTE DE SAN,san calixto,3635,3533,ICC,2998,"83,55%"
54673,54,673,norte de san,san cayetano norte de santander,NORTE DE SAN,san cayetano,4915,4846,AE,3824,"78,36%"
54680,54,680,norte de san,santiago norte de santander,NORTE DE SAN,santiago,2150,2126,AE,1629,"76,05%"
54720,54,720,norte de san,sardinata,NORTE DE SAN,sardinata,10734,10543,AE,8716,"81,89%"
54743,54,743,norte de san,silos,NORTE DE SAN,silos,3032,2995,AE,2628,"86,96%"
54800,54,800,norte de san,teorama,NORTE DE SAN,teorama,5433,5226,ICC,4117,"76,88%"
54810,54,810,norte de san,tibu,NORTE DE SAN,tibu,19240,18213,AE,9958,"53,06%"
54820,54,820,norte de san,toledo norte de santander,NORTE DE SAN,toledo,7846,7647,AE,6179,"79,71%"
54871,54,871,norte de san,villa caro,NORTE DE SAN,villa caro,2363,2333,AE,2030,"86,41%"
54874,54,874,norte de san,villa de rosario,NORTE DE SAN,villa del rosario,47103,46330,AE,36138,"77,25%"
86219,86,219,putumayo,colon putumayo,PUTUMAYO,colon,2870,2802,ICC,1878,"65,94%"
86001,86,001,putumayo,mocoa,PUTUMAYO,mocoa,25252,24595,ICC,17187,"68,74%"
86320,86,320,putumayo,orito,PUTUMAYO,orito,16064,15629,ICC,12783,"80,63%"
86568,86,568,putumayo,puerto asis,PUTUMAYO,puerto asis,26863,25360,ICC,18004,"68,72%"
86569,86,569,putumayo,puerto caicedo,PUTUMAYO,puerto caicedo,4914,4683,ICC,3513,"73,09%"
86571,86,571,putumayo,puerto guzman,PUTUMAYO,puerto guzman,5417,5123,ICC,3573,"67,45%"
86573,86,573,putumayo,puerto leguizamo,PUTUMAYO,puerto leguizamo,5532,5294,ICC,2867,"52,87%"
86755,86,755,putumayo,san francisco putumayo,PUTUMAYO,san francisco,2933,2845,ICC,1851,"63,76%"
86757,86,757,putumayo,san miguel putumayo,PUTUMAYO,san miguel,7353,7018,ICC,5752,"79,76%"
86760,86,760,putumayo,santiago putumayo,PUTUMAYO,santiago,3702,3593,ICC,2767,"75,70%"
86749,86,749,putumayo,sibundoy,PUTUMAYO,sibundoy,7266,7065,ICC,5006,"69,56%"
86865,86,865,putumayo,valle de guamuez,PUTUMAYO,valle del guamuez,15293,14746,ICC,12120,"80,43%"
86885,86,885,putumayo,villagarzon,PUTUMAYO,villagarzon,11035,10611,ICC,7115,"65,60%"
63001,63,001,quindio,armenia quindio,QUINDIO,armenia,171970,166629,AE,84364,"49,73%"
63111,63,111,quindio,buenavista quindio,QUINDIO,buenavista,1550,1514,AE,815,"53,33%"
63130,63,130,quindio,calarca,QUINDIO,calarca,37418,35830,AE,17276,"47,19%"
63190,63,190,quindio,circasia,QUINDIO,circasia,15389,14837,AE,7608,"50,31%"
63212,63,212,quindio,cordoba quindio,QUINDIO,cordoba,2990,2884,AE,1305,"44,44%"
63272,63,272,quindio,filandia,QUINDIO,filandia,6292,6030,AE,3340,"54,24%"
63302,63,302,quindio,genova,QUINDIO,genova,3822,3639,AE,1856,"49,90%"
63401,63,401,quindio,la tebaida,QUINDIO,la tebaida,17471,16610,ICC,7199,"42,40%"
63470,63,470,quindio,montenegro,QUINDIO,montenegro,18678,17610,AE,8369,"46,33%"
63548,63,548,quindio,pijao,QUINDIO,pijao,3075,2938,AE,1578,"52,82%"
63594,63,594,quindio,quimbaya,QUINDIO,quimbaya,16466,15724,AE,7320,"45,58%"
63690,63,690,quindio,salento,QUINDIO,salento,3827,3708,AE,2102,"55,69%"
66045,66,045,risaralda,apia,RISARALDA,apia,5648,5398,AE,2667,"48,37%"
66075,66,075,risaralda,balboa risaralda,RISARALDA,balboa,3040,2900,AE,1410,"47,50%"
66088,66,088,risaralda,belen de umbria,RISARALDA,belen de umbria,11471,10880,AE,5737,"51,41%"
66170,66,170,risaralda,dosquebradas,RISARALDA,dosquebradas,109892,105687,AE,46881,"43,44%"
66318,66,318,risaralda,guatica,RISARALDA,guatica,5912,5624,AE,2805,"48,69%"
66383,66,383,risaralda,la celia,RISARALDA,la celia,3567,3431,AE,1806,"51,80%"
66400,66,400,risaralda,la virginia,RISARALDA,la virginia,17328,16359,ICC,7601,"45,08%"
66440,66,440,risaralda,marsella,RISARALDA,marsella,8213,7833,AE,3818,"47,70%"
66456,66,456,risaralda,mistrato,RISARALDA,mistrato,6337,6045,ICC,3196,"51,89%"
66001,66,001,risaralda,pereira,RISARALDA,pereira,278066,268291,AE,124834,"45,62%"
66572,66,572,risaralda,pueblo rico,RISARALDA,pueblo rico,5599,5439,ICC,3513,"63,82%"
66594,66,594,risaralda,quinchia,RISARALDA,quinchia,11817,11025,ICC,5952,"52,39%"
66682,66,682,risaralda,santa rosa de cabal,RISARALDA,santa rosa de cabal,43151,41218,AE,20631,"48,90%"
66687,66,687,risaralda,santuario,RISARALDA,santuario,5638,5354,AE,3020,"55,13%"
88564,88,564,san andres,providencia san andres y providencia,SAN ANDRES,providencia,1221,1162,ICC,590,"48,63%"
88001,88,001,san andres,san andres san andres y providencia,SAN ANDRES,san andres,16896,16169,AE,7404,"44,10%"
68013,68,013,santander,aguada,SANTANDER,aguada,882,866,AE,563,"64,26%"
68020,68,020,santander,albania santander,SANTANDER,albania,2025,1990,AE,1217,"60,63%"
68051,68,051,santander,aratoca,SANTANDER,aratoca,4656,4563,AE,3154,"68,37%"
68077,68,077,santander,barbosa santander,SANTANDER,barbosa,17154,16698,AE,9002,"53,13%"
68079,68,079,santander,barichara,SANTANDER,barichara,5594,5468,AE,3554,"64,16%"
68081,68,081,santander,barrancabermeja,SANTANDER,barrancabermeja,121378,117202,ICC,69511,"58,21%"
68092,68,092,santander,betulia santander,SANTANDER,betulia,2746,2651,AE,1695,"62,70%"
68101,68,101,santander,bolivar santander,SANTANDER,bolivar,4421,4323,AE,2487,"56,97%"
68001,68,001,santander,bucaramanga,SANTANDER,bucaramanga,343539,336298,AE,198332,"58,10%"
68121,68,121,santander,cabrera santander,SANTANDER,cabrera,1182,1170,AE,853,"72,53%"
68132,68,132,santander,california,SANTANDER,california,1277,1249,AE,908,"71,72%"
68147,68,147,santander,capitanejo,SANTANDER,capitanejo,2957,2905,AE,2146,"73,19%"
68152,68,152,santander,carcasi,SANTANDER,carcasi,2057,2010,AE,1610,"78,76%"
68160,68,160,santander,cepita,SANTANDER,cepita,1358,1345,AE,989,"72,93%"
68162,68,162,santander,cerrito,SANTANDER,cerrito,3348,3273,AE,2366,"71,41%"
68167,68,167,santander,charala,SANTANDER,charala,6792,6639,AE,4201,"62,43%"
68169,68,169,santander,charta,SANTANDER,charta,2382,2358,AE,1587,"66,76%"
68176,68,176,santander,chima santander,SANTANDER,chima,1639,1605,AE,1052,"64,93%"
68179,68,179,santander,chipata,SANTANDER,chipata,2201,2138,AE,1288,"59,38%"
68190,68,190,santander,cimitarra,SANTANDER,cimitarra,15492,14861,AE,8256,"54,61%"
68207,68,207,santander,concepcion santander,SANTANDER,concepcion,3099,3030,AE,2063,"67,11%"
68209,68,209,santander,confines,SANTANDER,confines,1906,1885,AE,1450,"76,35%"
68211,68,211,santander,contratacion,SANTANDER,contratacion,1854,1809,AE,1199,"65,44%"
68217,68,217,santander,coromoro,SANTANDER,coromoro,2852,2809,AE,2162,"76,28%"
68229,68,229,santander,curiti,SANTANDER,curiti,7674,7512,AE,4951,"65,11%"
68235,68,235,santander,el carmen de chucuri,SANTANDER,el carmen de chucuri,7952,7803,AE,6433,"81,62%"
68245,68,245,santander,el guacamayo,SANTANDER,el guacamayo,982,967,AE,504,"51,63%"
68250,68,250,santander,el penon santander,SANTANDER,el penon,1945,1899,AE,1319,"68,44%"
68255,68,255,santander,el playon,SANTANDER,el playon,7564,7389,AE,5301,"70,96%"
68264,68,264,santander,encino,SANTANDER,encino,1346,1330,AE,1087,"81,11%"
68266,68,266,santander,enciso,SANTANDER,enciso,2219,2181,AE,1566,"71,08%"
68271,68,271,santander,florian,SANTANDER,florian,3150,3107,AE,1684,"53,81%"
68276,68,276,santander,floridablanca,SANTANDER,floridablanca,157563,154191,AE,90033,"57,55%"
68296,68,296,santander,galan,SANTANDER,galan,1765,1746,AE,1329,"75,59%"
68298,68,298,santander,gambita,SANTANDER,gambita,2267,2221,AE,1617,"72,12%"
68307,68,307,santander,giron,SANTANDER,giron,86634,84178,AE,48682,"56,72%"
68318,68,318,santander,guaca,SANTANDER,guaca,3220,3158,AE,2438,"76,30%"
68320,68,320,santander,guadalupe,SANTANDER,guadalupe,2862,2815,AE,1976,"69,43%"
68322,68,322,santander,guapota,SANTANDER,guapota,1353,1338,AE,941,"69,96%"
68324,68,324,santander,guavata,SANTANDER,guavata,2596,2533,AE,1264,"49,16%"
68327,68,327,santander,guepsa,SANTANDER,guepsa,2384,2299,AE,1353,"57,89%"
68344,68,344,santander,hato,SANTANDER,hato,1434,1401,AE,952,"67,18%"
68368,68,368,santander,jesus maria,SANTANDER,jesus maria,1817,1770,AE,898,"50,27%"
68370,68,370,santander,jordan,SANTANDER,jordan,1015,988,AE,717,"71,98%"
68377,68,377,santander,la belleza,SANTANDER,la belleza,3325,3278,AE,2304,"69,71%"
68397,68,397,santander,la paz santander,SANTANDER,la paz,2191,2145,AE,1317,"60,85%"
68385,68,385,santander,landazuri,SANTANDER,landazuri,5505,5359,AE,3741,"68,79%"
68406,68,406,santander,lebrija,SANTANDER,lebrija,24407,23761,AE,16595,"68,72%"
68418,68,418,santander,los santos,SANTANDER,los santos,7145,6952,AE,4848,"68,66%"
68425,68,425,santander,macaravita,SANTANDER,macaravita,1187,1167,AE,844,"71,46%"
68432,68,432,santander,malaga,SANTANDER,malaga,10768,10515,AE,6427,"60,17%"
68444,68,444,santander,matanza,SANTANDER,matanza,3453,3380,AE,2319,"67,86%"
68464,68,464,santander,mogotes,SANTANDER,mogotes,5349,5205,AE,3622,"68,93%"
68468,68,468,santander,molagavita,SANTANDER,molagavita,2247,2211,AE,1609,"71,99%"
68498,68,498,santander,ocamonte,SANTANDER,ocamonte,2638,2597,AE,1817,"69,37%"
68500,68,500,santander,oiba,SANTANDER,oiba,6418,6270,AE,4566,"71,86%"
68502,68,502,santander,onzaga,SANTANDER,onzaga,2058,2016,AE,1478,"72,80%"
68522,68,522,santander,palmar,SANTANDER,palmar,1047,1030,AE,720,"69,49%"
68524,68,524,santander,palmas de socorro,SANTANDER,palmas del socorro,1849,1826,AE,1382,"75,19%"
68533,68,533,santander,paramo,SANTANDER,paramo,2876,2834,AE,2079,"72,56%"
68547,68,547,santander,piedecuesta,SANTANDER,piedecuesta,94326,91832,AE,54278,"58,11%"
68549,68,549,santander,pinchote,SANTANDER,pinchote,2877,2822,AE,1856,"64,98%"
68572,68,572,santander,puente nacional,SANTANDER,puente nacional,8353,8202,AE,4615,"55,72%"
68573,68,573,santander,puerto parra,SANTANDER,puerto parra,3441,3316,AE,1786,"52,91%"
68575,68,575,santander,puerto wilches,SANTANDER,puerto wilches,15502,15033,ICC,8480,"55,59%"
68615,68,615,santander,rionegro santander,SANTANDER,rionegro,14593,14096,AE,9499,"66,17%"
68655,68,655,santander,sabana de torres,SANTANDER,sabana de torres,15340,14734,AE,8005,"53,31%"
68669,68,669,santander,san andres santander,SANTANDER,san andres,3856,3763,AE,2510,"65,81%"
68673,68,673,santander,san benito,SANTANDER,san benito,1345,1322,AE,842,"63,26%"
68679,68,679,santander,san gil,SANTANDER,san gil,32920,32229,AE,19168,"58,65%"
68682,68,682,santander,san joaquin,SANTANDER,san joaquin,1227,1192,AE,757,"62,61%"
68684,68,684,santander,san jose de miranda,SANTANDER,san jose de miranda,2939,2879,AE,1961,"67,27%"
68686,68,686,santander,san miguel santander,SANTANDER,san miguel,1311,1293,AE,838,"64,21%"
68689,68,689,santander,san vicente de chucuri,SANTANDER,san vicente de chucuri,15031,14585,AE,10055,"67,92%"
68705,68,705,santander,santa barbara santander,SANTANDER,santa barbara,1549,1533,AE,1065,"69,15%"
68720,68,720,santander,santa helena de opon,SANTANDER,santa helena del opon,1904,1866,AE,1520,"80,21%"
68745,68,745,santander,simacota,SANTANDER,simacota,4105,4007,AE,2732,"67,34%"
68755,68,755,santander,socorro,SANTANDER,socorro,17214,16926,AE,10882,"63,61%"
68770,68,770,santander,suaita,SANTANDER,suaita,5272,5170,AE,3650,"70,08%"
68773,68,773,santander,sucre santander,SANTANDER,sucre,2982,2922,AE,1911,"64,82%"
68780,68,780,santander,surata,SANTANDER,surata,2250,2200,AE,1492,"67,17%"
68820,68,820,santander,tona,SANTANDER,tona,3769,3661,AE,2672,"71,88%"
68855,68,855,santander,valle de san jose,SANTANDER,valle de san jose,3779,3710,AE,2510,"66,82%"
68861,68,861,santander,velez,SANTANDER,velez,10327,10035,AE,5652,"55,52%"
68867,68,867,santander,vetas,SANTANDER,vetas,966,948,AE,765,"79,85%"
68872,68,872,santander,villanueva santander,SANTANDER,villanueva,5033,4924,AE,3280,"65,63%"
68895,68,895,santander,zapatoca,SANTANDER,zapatoca,5473,5326,AE,3615,"66,56%"
70110,70,110,sucre,buenavista sucre,SUCRE,buenavista,5233,5145,ICC,2625,"50,47%"
70124,70,124,sucre,caimito,SUCRE,caimito,5717,5620,ICC,3843,"67,65%"
70230,70,230,sucre,chalan,SUCRE,chalan,2535,2479,ICC,1267,"50,35%"
70204,70,204,sucre,coloso,SUCRE,coloso,4384,4283,ICC,2548,"58,73%"
70215,70,215,sucre,corozal,SUCRE,corozal,31177,30615,ICC,17816,"57,57%"
70221,70,221,sucre,covenas,SUCRE,covenas,8388,8168,ICC,4328,"52,01%"
70233,70,233,sucre,el roble,SUCRE,el roble,5660,5588,ICC,3729,"66,34%"
70235,70,235,sucre,galeras,SUCRE,galeras,9320,9049,AE,5446,"59,16%"
70265,70,265,sucre,guaranda,SUCRE,guaranda,6063,5949,AE,3616,"60,06%"
70400,70,400,sucre,la union sucre,SUCRE,la union,6012,5894,ICC,3748,"62,77%"
70418,70,418,sucre,los palmitos,SUCRE,los palmitos,11872,11711,ICC,8203,"69,50%"
70429,70,429,sucre,majagual,SUCRE,majagual,13842,13590,AE,7749,"56,40%"
70473,70,473,sucre,morroa,SUCRE,morroa,9076,8930,ICC,5547,"61,51%"
70508,70,508,sucre,ovejas,SUCRE,ovejas,12541,12324,ICC,7680,"61,79%"
70523,70,523,sucre,palmito,SUCRE,palmito,7636,7492,ICC,4828,"63,70%"
70670,70,670,sucre,sampues,SUCRE,sampues,20259,19729,ICC,12495,"62,43%"
70678,70,678,sucre,san benito abad,SUCRE,san benito abad,10662,10555,ICC,5766,"54,34%"
70702,70,702,sucre,san juan de betulia,SUCRE,san juan de betulia,7543,7417,ICC,4229,"56,45%"
70708,70,708,sucre,san marcos,SUCRE,san marcos,22261,21725,ICC,12422,"56,41%"
70713,70,713,sucre,san onofre,SUCRE,san onofre,18473,18028,ICC,12645,"69,37%"
70717,70,717,sucre,san pedro sucre,SUCRE,san pedro,9265,9116,ICC,5009,"54,46%"
70742,70,742,sucre,since,SUCRE,since,14230,13865,ICC,6856,"48,72%"
70001,70,001,sucre,sincelejo,SUCRE,sincelejo,126701,123441,ICC,71183,"56,79%"
70771,70,771,sucre,sucre sucre,SUCRE,sucre,9694,9528,AE,4774,"49,59%"
70820,70,820,sucre,santiago de tolu,SUCRE,tolu,13953,13624,ICC,10148,"73,53%"
70823,70,823,sucre,san jose de toluviejo,SUCRE,tolu viejo,11808,11580,ICC,7028,"59,98%"
73024,73,024,tolima,alpujarra,TOLIMA,alpujarra,2135,2084,AE,1153,"54,54%"
73026,73,026,tolima,alvarado,TOLIMA,alvarado,4777,4638,AE,2028,"43,15%"
73030,73,030,tolima,ambalema,TOLIMA,ambalema,3432,3325,ICC,1623,"48,13%"
73043,73,043,tolima,anzoategui,TOLIMA,anzoategui,3893,3770,AE,2077,"54,11%"
73055,73,055,tolima,armero,TOLIMA,armero,5790,5578,ICC,2853,"50,33%"
73067,73,067,tolima,ataco,TOLIMA,ataco,7600,7403,AE,4326,"57,76%"
73124,73,124,tolima,cajamarca,TOLIMA,cajamarca,9059,8667,AE,4531,"51,00%"
73148,73,148,tolima,carmen de apicala,TOLIMA,carmen de apicala,6242,6074,AE,3222,"52,18%"
73152,73,152,tolima,casabianca,TOLIMA,casabianca,2856,2735,AE,1462,"52,23%"
73168,73,168,tolima,chaparral,TOLIMA,chaparral,19268,18498,AE,9146,"48,36%"
73200,73,200,tolima,coello,TOLIMA,coello,4984,4875,ICC,2446,"49,74%"
73217,73,217,tolima,coyaima,TOLIMA,coyaima,10056,9761,ICC,5245,"53,17%"
73226,73,226,tolima,cunday,TOLIMA,cunday,3913,3844,AE,2312,"59,61%"
73236,73,236,tolima,dolores,TOLIMA,dolores,3946,3870,AE,2544,"65,16%"
73268,73,268,tolima,espinal,TOLIMA,espinal,39568,38103,AE,17320,"44,59%"
73270,73,270,tolima,falan,TOLIMA,falan,3497,3363,AE,1518,"44,39%"
73275,73,275,tolima,flandes,TOLIMA,flandes,12153,11730,AE,5385,"45,12%"
73283,73,283,tolima,fresno,TOLIMA,fresno,14631,13976,AE,6891,"48,19%"
73319,73,319,tolima,guamo,TOLIMA,guamo,15540,15011,AE,7665,"50,23%"
73347,73,347,tolima,herveo,TOLIMA,herveo,2994,2881,AE,1704,"58,09%"
73349,73,349,tolima,honda,TOLIMA,honda,13122,12719,ICC,5755,"44,58%"
73001,73,001,tolima,ibague,TOLIMA,ibague,309213,299546,AE,141360,"46,36%"
73352,73,352,tolima,icononzo,TOLIMA,icononzo,5450,5293,ICC,2414,"44,83%"
73408,73,408,tolima,lerida,TOLIMA,lerida,8615,8360,ICC,4377,"51,55%"
73411,73,411,tolima,libano,TOLIMA,libano,18381,17557,ICC,8501,"47,49%"
73443,73,443,tolima,san sebastian de mariquita,TOLIMA,mariquita,17208,16352,AE,7507,"44,82%"
73449,73,449,tolima,melgar,TOLIMA,melgar,19925,19335,AE,11627,"59,14%"
73461,73,461,tolima,murillo,TOLIMA,murillo,1629,1552,AE,657,"41,45%"
73483,73,483,tolima,natagaima,TOLIMA,natagaima,7645,7460,ICC,3943,"52,24%"
73504,73,504,tolima,ortega,TOLIMA,ortega,11703,11290,AE,5056,"44,13%"
73520,73,520,tolima,palocabildo,TOLIMA,palocabildo,4304,4163,AE,2160,"50,97%"
73547,73,547,tolima,piedras,TOLIMA,piedras,3200,3105,AE,1421,"44,95%"
73555,73,555,tolima,planadas,TOLIMA,planadas,10538,10030,AE,4800,"46,63%"
73563,73,563,tolima,prado,TOLIMA,prado,4262,4171,AE,2523,"59,84%"
73585,73,585,tolima,purificacion,TOLIMA,purificacion,12176,11788,AE,5234,"43,68%"
73616,73,616,tolima,rioblanco,TOLIMA,rioblanco,6780,6459,AE,3562,"53,70%"
73622,73,622,tolima,roncesvalles,TOLIMA,roncesvalles,1892,1804,AE,1114,"59,98%"
73624,73,624,tolima,rovira,TOLIMA,rovira,10023,9668,AE,5659,"57,38%"
73671,73,671,tolima,saldana,TOLIMA,saldana,7539,7286,AE,3730,"50,28%"
73675,73,675,tolima,san antonio,TOLIMA,san antonio,5187,5028,AE,2786,"54,72%"
73678,73,678,tolima,san luis tolima,TOLIMA,san luis,7344,7154,AE,4568,"63,09%"
73686,73,686,tolima,santa isabel,TOLIMA,santa isabel,2603,2522,AE,1446,"56,44%"
73770,73,770,tolima,suarez tolima,TOLIMA,suarez,2743,2670,AE,1472,"54,37%"
73854,73,854,tolima,valle de san juan,TOLIMA,valle de san juan,2821,2761,AE,1674,"60,04%"
73861,73,861,tolima,venadillo,TOLIMA,venadillo,6454,6252,AE,2842,"44,81%"
73870,73,870,tolima,villahermosa,TOLIMA,villahermosa,3357,3202,AE,1214,"36,94%"
73873,73,873,tolima,villarrica,TOLIMA,villarrica,2801,2740,AE,1769,"63,72%"
76020,76,020,valle,alcala,VALLE,alcala,6412,6150,AE,2833,"45,27%"
76036,76,036,valle,andalucia,VALLE,andalucia,10949,10634,ICC,5969,"55,21%"
76041,76,041,valle,ansermanuevo,VALLE,ansermanuevo,8531,8196,AE,3422,"40,94%"
76054,76,054,valle,argelia valle de cauca,VALLE,argelia,2772,2697,AE,1357,"49,72%"
76100,76,100,valle,bolivar valle de cauca,VALLE,bolivar,7251,7064,AE,3376,"47,11%"
76109,76,109,valle,buenaventura,VALLE,buenaventura,91352,88483,ICC,72065,"80,32%"
76111,76,111,valle,guadalajara de buga,VALLE,buga,65520,63541,ICC,36630,"56,58%"
76113,76,113,valle,bugalagrande,VALLE,bugalagrande,12077,11758,ICC,7580,"63,51%"
76122,76,122,valle,caicedonia,VALLE,caicedonia,14286,13666,AE,6695,"48,05%"
76001,76,001,valle,cali,VALLE,cali,1063418,1032728,ICC,541270,"51,40%"
76126,76,126,valle,cali,VALLE,calima,8513,8138,ICC,3637,"43,58%"
76130,76,130,valle,candelaria,VALLE,candelaria,54990,52958,ICC,36468,"67,42%"
76147,76,147,valle,cartago,VALLE,cartago,66940,64392,AE,30265,"46,03%"
76233,76,233,valle,dagua,VALLE,dagua,19601,18872,ICC,9228,"47,86%"
76243,76,243,valle,el aguila,VALLE,el aguila,3765,3614,AE,1927,"52,13%"
76246,76,246,valle,el cairo,VALLE,el cairo,2842,2729,AE,1311,"47,09%"
76248,76,248,valle,el cerrito,VALLE,el cerrito,31582,30677,ICC,20795,"66,69%"
76250,76,250,valle,el dovio,VALLE,el dovio,5289,5031,AE,2646,"51,26%"
76275,76,275,valle,florida,VALLE,florida,31818,30905,ICC,22399,"71,37%"
76306,76,306,valle,ginebra,VALLE,ginebra,11195,10810,ICC,5636,"51,09%"
76318,76,318,valle,guacari,VALLE,guacari,17813,17288,ICC,11944,"67,96%"
76364,76,364,valle,jamundi,VALLE,jamundi,82296,79115,ICC,45076,"55,70%"
76377,76,377,valle,la cumbre,VALLE,la cumbre,8090,7830,ICC,3864,"48,36%"
76400,76,400,valle,la union valle de cauca,VALLE,la union,16524,15786,AE,9339,"57,92%"
76403,76,403,valle,la victoria valle de cauca,VALLE,la victoria,6236,6004,AE,3343,"54,49%"
76497,76,497,valle,obando,VALLE,obando,5402,5186,ICC,2772,"52,64%"
76520,76,520,valle,palmira,VALLE,palmira,165881,160394,ICC,90115,"55,00%"
76563,76,563,valle,pradera,VALLE,pradera,23537,22714,ICC,16082,"69,48%"
76606,76,606,valle,restrepo valle de cauca,VALLE,restrepo,8048,7730,AE,3543,"44,96%"
76616,76,616,valle,riofrio,VALLE,riofrio,8419,8145,AE,3460,"41,89%"
76622,76,622,valle,roldanillo,VALLE,roldanillo,19494,18869,AE,8798,"45,81%"
76670,76,670,valle,san pedro valle de cauca,VALLE,san pedro,8368,8099,ICC,4290,"52,06%"
76736,76,736,valle,sevilla,VALLE,sevilla,19252,18363,ICC,7716,"41,20%"
76823,76,823,valle,toro,VALLE,toro,6250,5991,AE,3042,"49,79%"
76828,76,828,valle,trujillo,VALLE,trujillo,8816,8492,AE,4086,"47,27%"
76834,76,834,valle,tulua,VALLE,tulua,99660,96127,ICC,43107,"43,94%"
76845,76,845,valle,ulloa,VALLE,ulloa,2622,2514,ICC,1081,"42,25%"
76863,76,863,valle,versalles,VALLE,versalles,3802,3678,AE,2086,"55,79%"
76869,76,869,valle,vijes,VALLE,vijes,6494,6317,ICC,3828,"59,67%"
76890,76,890,valle,yotoco,VALLE,yotoco,8483,8169,ICC,4636,"55,68%"
76892,76,892,valle,yumbo,VALLE,yumbo,66046,64370,ICC,44723,"68,37%"
76895,76,895,valle,zarzal,VALLE,zarzal,22601,21980,ICC,13457,"60,30%"
97511,97,511,vaupes,pacoa,VAUPES,pacoa,356,351,ICC,330,"93,48%"
97161,97,161,vaupes,caruru,VAUPES,caruru,541,528,ICC,413,"77,19%"
97001,97,001,vaupes,mitu,VAUPES,mitu,7511,7329,ICC,5531,"74,24%"
97777,97,777,vaupes,morichal,VAUPES,morichal papunagua,85,84,ICC,61,"71,76%"
97666,97,666,vaupes,taraira,VAUPES,taraira,406,394,ICC,278,"69,15%"
97889,97,889,vaupes,yavarate,VAUPES,yavarate,355,351,ICC,319,"90,36%"
99773,99,773,vichada,cumaribo,VICHADA,cumaribo,7857,7684,ICC,6066,"78,21%"
99524,99,524,vichada,la primavera,VICHADA,la primavera,3488,3420,AE,2499,"72,05%"
99001,99,001,vichada,puerto carreno,VICHADA,puerto carreno,8568,8253,AE,4399,"52,10%"
99624,99,624,vichada,santa rosalia,VICHADA,santa rosalia,1658,1616,AE,1206,"73,53%"
