id;Departamento;Código del municipio;Municipio;Código SIC;Nombre del recurso;Estado del recurso;Clasificación;Tipo de generación;Tipo de despacho;Combustible por defecto;Capacidad efectiva neta [MW];Factor de conversión;¿Es menor?;Agente representante;Fecha de operación (fpo);Año de puesta en operación (fpo);Fecha;x;y
18;ANTIOQUIA;05101;CIUDAD BOLÍVAR;5ISN;GD CSF ARENALES I;OPERACIÓN;GEN. DISTRIBUIDA;Solar;ND;RAD SOLAR;1;0,00;SI;GENERADORA CANTAYÚS S.A.S E.S.P;19/3/2026;2026;22/7/2026;4666840,77;2204293,306
40;ANTIOQUIA;05380;LA ESTRELLA;3F5L;AUTOG CI JEANS;PRUEBAS;AUTOGENERADOR;Solar;ND;RAD SOLAR;1;0,00;NO;ERCO GENERACION S.A.S. ESP;23/8/2023;2023;22/7/2026;4706940,567;2236918,81
44;ANTIOQUIA;05001;MEDELLÍN;3HG7;COMUNIDAD EL SALVADOR I;OPERACIÓN;GEN. DISTRIBUIDA;Solar;ND;RAD SOLAR;0;0,00;SI;ERCO GENERACION S.A.S. ESP;23/3/2023;2023;22/7/2026;4711193,609;2250169,715
45;ANTIOQUIA;05001;MEDELLÍN;3HG9;COMUNIDAD EL SALVADOR II;OPERACIÓN;GEN. DISTRIBUIDA;Solar;ND;RAD SOLAR;0;0,00;SI;ERCO GENERACION S.A.S. ESP;23/3/2023;2023;22/7/2026;4711193,609;2250169,715
56;ANTIOQUIA;05615;RIONEGRO;5IT1;GD ALAMO SOLAR;OPERACIÓN;GEN. DISTRIBUIDA;Solar;ND;RAD SOLAR;1;0,00;SI;ERCO GENERACION S.A.S. ESP;29/1/2026;2026;22/7/2026;4733305,914;2238252,731
57;ANTIOQUIA;05615;RIONEGRO;3F5N;AUTOG PINTUCO;PRUEBAS;AUTOGENERADOR;Solar;ND;RAD SOLAR;1;0,00;NO;ERCO GENERACION S.A.S. ESP;22/8/2023;2023;22/7/2026;4733305,914;2238252,731
84;ANTIOQUIA;05837;TURBO;5SHV;GD PIEDECUESTA I;PRUEBAS;GEN. DISTRIBUIDA;Solar;ND;RAD SOLAR;1;0,00;SI;DEPI ENERGY S.A.S. E.S.P.;8/7/2026;2026;22/7/2026;4606222,755;2462971,445
85;ANTIOQUIA;05837;TURBO;5SHN;GD PIEDECUESTA II;PRUEBAS;GEN. DISTRIBUIDA;Solar;ND;RAD SOLAR;1;0,00;SI;DEPI ENERGY S.A.S. E.S.P.;8/7/2026;2026;22/7/2026;4606222,755;2462971,445
93;ARAUCA;81001;ARAUCA;5F43;ALMA II;OPERACIÓN;NORMAL;Solar;ND;RAD SOLAR;10;0,00;SI;DEPI ENERGY S.A.S. E.S.P.;22/12/2025;2025;22/7/2026;5275233,156;2309689,883
111;ATLÁNTICO;08078;BARANOA;5G3T;PARQUE SOLAR NISPEROS;OPERACIÓN;NORMAL;Solar;ND;RAD SOLAR;20;0,00;SI;FOTOVOLTAICO EL YARUMO SAS ESP;9/4/2026;2026;22/7/2026;4789914,153;2751355,813
112;ATLÁNTICO;08078;BARANOA;5G3S;PARQUE SOLAR BUGAMBILES;OPERACIÓN;NORMAL;Solar;ND;RAD SOLAR;10;0,00;SI;FOTOVOLTAICO EL YARUMO SAS ESP;5/3/2026;2026;22/7/2026;4789914,153;2751355,813
113;ATLÁNTICO;08078;BARANOA;4RGG;PARQUE SOLAR BARANOA;OPERACIÓN;NORMAL;Solar;ND;RAD SOLAR;20;0,00;SI;FOTOVOLTAICO EL YARUMO SAS ESP;29/4/2025;2025;22/7/2026;4789914,153;2751355,813
114;ATLÁNTICO;08141;CANDELARIA;5MAE;GD BONILLA A I;OPERACIÓN;GEN. DISTRIBUIDA;Solar;ND;RAD SOLAR;1;0,00;SI;OTACC GENERACION S.A.S. E.S.P.;16/3/2026;2026;22/7/2026;4794589,814;2717679,006
115;ATLÁNTICO;08141;CANDELARIA;5MAG;GD BONILLA A II;OPERACIÓN;GEN. DISTRIBUIDA;Solar;ND;RAD SOLAR;1;0,00;SI;OTACC GENERACION S.A.S. E.S.P.;16/3/2026;2026;22/7/2026;4794589,814;2717679,006
116;ATLÁNTICO;08141;CANDELARIA;5MAD;GD BONILLA A III;OPERACIÓN;GEN. DISTRIBUIDA;Solar;ND;RAD SOLAR;1;0,00;SI;OTACC GENERACION S.A.S. E.S.P.;16/3/2026;2026;22/7/2026;4794589,814;2717679,006
117;ATLÁNTICO;08141;CANDELARIA;5MAF;GD BONILLA A V;OPERACIÓN;GEN. DISTRIBUIDA;Solar;ND;RAD SOLAR;1;0,00;SI;OTACC GENERACION S.A.S. E.S.P.;16/3/2026;2026;22/7/2026;4794589,814;2717679,006
118;ATLÁNTICO;08141;CANDELARIA;5MAH;GD BONILLA A IV;OPERACIÓN;GEN. DISTRIBUIDA;Solar;ND;RAD SOLAR;1;0,00;SI;OTACC GENERACION S.A.S. E.S.P.;16/3/2026;2026;22/7/2026;4794589,814;2717679,006
119;ATLÁNTICO;08433;MALAMBO;3INX;CARACOLI I;OPERACIÓN;NORMAL;Solar;DC;RAD SOLAR;50;0,00;NO;SOL DE LAS CIÉNAGAS S.A.S. E.S.P.;21/12/2024;2024;22/7/2026;4802634,328;2757360,138
120;ATLÁNTICO;08421;LURUACO;3HYG;URUACO;OPERACIÓN;GEN. DISTRIBUIDA;Solar;ND;RAD SOLAR;1;0,00;SI;UNERGY ENERGY DIGITAL S.A.S E.S.P;17/6/2023;2023;22/7/2026;4764442,692;2734021,724
122;ATLÁNTICO;08296;GALAPA;3RGX;JUMI;PRUEBAS;NORMAL;Solar;ND;RAD SOLAR;10;0,00;SI;VATIA S.A. E.S.P.;5/12/2024;2024;22/7/2026;4793823,802;2762880,182
123;ATLÁNTICO;08296;GALAPA;4XUX;GD PULOY;OPERACIÓN;GEN. DISTRIBUIDA;Solar;ND;RAD SOLAR;1;0,00;SI;UNERGY ENERGY DIGITAL S.A.S E.S.P;24/9/2025;2025;22/7/2026;4793823,802;2762880,182
124;ATLÁNTICO;08685;SANTO TOMÁS;3NU4;GD FINCA JM;OPERACIÓN;GEN. DISTRIBUIDA;Solar;ND;RAD SOLAR;1;0,00;SI;GREENYELLOW COMERCIALIZADORA S.A.S. E.S.P.;15/9/2024;2024;22/7/2026;4804630,953;2747095,423
127;ATLÁNTICO;08758;SOLEDAD;5F3Z;GD CADILLO II;OPERACIÓN;GEN. DISTRIBUIDA;Solar;ND;RAD SOLAR;1;0,00;SI;OTACC GENERACION S.A.S. E.S.P.;10/11/2025;2025;22/7/2026;4805705,791;2763823,924
128;ATLÁNTICO;08758;SOLEDAD;5F41;GD CARACOL I;OPERACIÓN;GEN. DISTRIBUIDA;Solar;ND;RAD SOLAR;1;0,00;SI;OTACC GENERACION S.A.S. E.S.P.;10/11/2025;2025;22/7/2026;4805705,791;2763823,924
129;ATLÁNTICO;08758;SOLEDAD;5F3Y;GD CARACOL II;OPERACIÓN;GEN. DISTRIBUIDA;Solar;ND;RAD SOLAR;1;0,00;SI;OTACC GENERACION S.A.S. E.S.P.;10/11/2025;2025;22/7/2026;4805705,791;2763823,924
130;ATLÁNTICO;08758;SOLEDAD;5F3X;GD CARACOL III;OPERACIÓN;GEN. DISTRIBUIDA;Solar;ND;RAD SOLAR;1;0,00;SI;OTACC GENERACION S.A.S. E.S.P.;10/11/2025;2025;22/7/2026;4805705,791;2763823,924
131;ATLÁNTICO;08758;SOLEDAD;5ISK;GD PALMERAS I;OPERACIÓN;GEN. DISTRIBUIDA;Solar;ND;RAD SOLAR;1;0,00;SI;OTACC GENERACION S.A.S. E.S.P.;5/1/2026;2026;22/7/2026;4805705,791;2763823,924
132;ATLÁNTICO;08758;SOLEDAD;5ISO;GD PALMERAS II;OPERACIÓN;GEN. DISTRIBUIDA;Solar;ND;RAD SOLAR;1;0,00;SI;OTACC GENERACION S.A.S. E.S.P.;5/1/2026;2026;22/7/2026;4805705,791;2763823,924
133;ATLÁNTICO;08758;SOLEDAD;5ISL;GD PALMERAS III;OPERACIÓN;GEN. DISTRIBUIDA;Solar;ND;RAD SOLAR;1;0,00;SI;OTACC GENERACION S.A.S. E.S.P.;5/1/2026;2026;22/7/2026;4805705,791;2763823,924
134;ATLÁNTICO;08758;SOLEDAD;5ISM;GD PALMERAS IV;OPERACIÓN;GEN. DISTRIBUIDA;Solar;ND;RAD SOLAR;1;0,00;SI;OTACC GENERACION S.A.S. E.S.P.;5/1/2026;2026;22/7/2026;4805705,791;2763823,924
136;ATLÁNTICO;08849;USIACURÍ;ATLP;ATLANTICO;PRUEBAS;NORMAL;Solar;DC;RAD SOLAR;180;0,00;NO;ENEL COLOMBIA SA ESP;24/2/2026;2026;22/7/2026;4783263,958;2745562,561
138;ATLÁNTICO;08638;SABANALARGA;3QQ3;GD FINCA ISABEL LOPEZ;OPERACIÓN;GEN. DISTRIBUIDA;Solar;ND;RAD SOLAR;1;0,00;SI;GREENYELLOW COMERCIALIZADORA S.A.S. E.S.P.;9/11/2024;2024;22/7/2026;4786195,803;2732492,493
139;ATLÁNTICO;08638;SABANALARGA;3PXE;BSB 500;OPERACIÓN;NORMAL;Solar;ND;RAD SOLAR;20;0,00;SI;ISAGEN S.A. E.S.P.;4/11/2025;2025;22/7/2026;4786195,803;2732492,493
140;ATLÁNTICO;08638;SABANALARGA;3PXC;BSB 501;OPERACIÓN;NORMAL;Solar;ND;RAD SOLAR;20;0,00;SI;ISAGEN S.A. E.S.P.;31/10/2025;2025;22/7/2026;4786195,803;2732492,493
141;ATLÁNTICO;08638;SABANALARGA;3PXF;BSB 502;OPERACIÓN;NORMAL;Solar;ND;RAD SOLAR;20;0,00;SI;ISAGEN S.A. E.S.P.;18/11/2025;2025;22/7/2026;4786195,803;2732492,493
142;ATLÁNTICO;08638;SABANALARGA;3K8C;BSB 503;OPERACIÓN;NORMAL;Solar;ND;RAD SOLAR;20;0,00;SI;ISAGEN S.A. E.S.P.;25/9/2024;2024;22/7/2026;4786195,803;2732492,493
143;ATLÁNTICO;08638;SABANALARGA;3K8E;BSB 504;OPERACIÓN;NORMAL;Solar;ND;RAD SOLAR;20;0,00;SI;ISAGEN S.A. E.S.P.;26/9/2024;2024;22/7/2026;4786195,803;2732492,493
144;ATLÁNTICO;08558;POLONUEVO;4Z8T;GD ENCANTO;OPERACIÓN;GEN. DISTRIBUIDA;Solar;ND;RAD SOLAR;1;0,00;SI;NITRO ENERGY COLOMBIA S.A.S. E.S.P.;24/9/2025;2025;22/7/2026;4797336,406;2748446,926
145;ATLÁNTICO;08560;PONEDERA;GYP3;GUAYEPO III;OPERACIÓN;NORMAL;Solar;DC;RAD SOLAR;200;0,00;NO;ENEL COLOMBIA SA ESP;24/2/2026;2026;22/7/2026;4803312,957;2729308,435
146;ATLÁNTICO;08560;PONEDERA;GYPO;GUAYEPO;OPERACIÓN;NORMAL;Solar;DC;RAD SOLAR;370;0,00;NO;ENEL COLOMBIA SA ESP;29/11/2024;2024;22/7/2026;4803312,957;2729308,435
151;BOLÍVAR;13052;ARJONA;4YKB;SOLAR PN I;PRUEBAS;NORMAL;Solar;ND;RAD SOLAR;10;0,00;SI;VATIA S.A. E.S.P.;5/9/2025;2025;22/7/2026;4740268,486;2682142,456
160;BOLÍVAR;13001;CARTAGENA DE INDIAS;3A44;PLANTA SOLAR BAYUNCA I;PRUEBAS;NORMAL;Solar;ND;RAD SOLAR;3;0,00;SI;UNERGY ENERGY DIGITAL S.A.S E.S.P;27/9/2020;2020;22/7/2026;4730900,873;2715236,929
162;BOLÍVAR;13001;CARTAGENA DE INDIAS;3EBN;GR PARQUE SOLAR TUCANES;PRUEBAS;NORMAL;Solar;ND;RAD SOLAR;10;0,00;SI;CELSIA COLOMBIA S.A. E.S.P.;25/5/2022;2022;22/7/2026;4730900,873;2715236,929
163;BOLÍVAR;13430;MAGANGUÉ;5F46;EL TAMARINDO I;PRUEBAS;NORMAL;Solar;ND;RAD SOLAR;10;0,00;SI;EL TAMARINDO SOLAR S.A.S. E.S.P.;23/1/2026;2026;22/7/2026;4799268,12;2580034,874
164;BOLÍVAR;13430;MAGANGUÉ;5F47;EL TAMARINDO II;PRUEBAS;NORMAL;Solar;ND;RAD SOLAR;10;0,00;SI;EL TAMARINDO SOLAR S.A.S. E.S.P.;23/1/2026;2026;22/7/2026;4799268,12;2580034,874
165;BOLÍVAR;13657;SAN JUAN NEPOMUCENO;3JBP;LA NENERA;OPERACIÓN;GEN. DISTRIBUIDA;Solar;ND;RAD SOLAR;1;0,00;SI;ES INVEST COLOMBIA S.A.S. ESP;12/1/2024;2024;22/7/2026;4773628,231;2660185,722
166;BOLÍVAR;13647;SAN ESTANISLAO;5H1R;GD LA CATEDRAL;OPERACIÓN;GEN. DISTRIBUIDA;Solar;ND;RAD SOLAR;1;0,00;SI;UNERGY ENERGY DIGITAL S.A.S E.S.P;30/1/2026;2026;22/7/2026;4758630,601;2704160,024
167;BOLÍVAR;13647;SAN ESTANISLAO;5QFG;GD TAURUS VIII;PRUEBAS;GEN. DISTRIBUIDA;Solar;ND;RAD SOLAR;1;0,00;SI;UNERGY ENERGY DIGITAL S.A.S E.S.P;19/6/2026;2026;22/7/2026;4758630,601;2704160,024
168;BOLÍVAR;13647;SAN ESTANISLAO;5QFI;GD TAURUS IX;PRUEBAS;GEN. DISTRIBUIDA;Solar;ND;RAD SOLAR;1;0,00;SI;UNERGY ENERGY DIGITAL S.A.S E.S.P;19/6/2026;2026;22/7/2026;4758630,601;2704160,024
169;BOLÍVAR;13647;SAN ESTANISLAO;5QFK;GD TAURUS X;PRUEBAS;GEN. DISTRIBUIDA;Solar;ND;RAD SOLAR;1;0,00;SI;UNERGY ENERGY DIGITAL S.A.S E.S.P;19/6/2026;2026;22/7/2026;4758630,601;2704160,024
170;BOLÍVAR;13647;SAN ESTANISLAO;3IS2;PARQUE SOLAR ARENAL;PRUEBAS;NORMAL;Solar;ND;RAD SOLAR;2;0,00;SI;4E GROUP S.A.S E.S.P.;5/12/2023;2023;22/7/2026;4758630,601;2704160,024
171;BOLÍVAR;13683;SANTA ROSA DE LIMA;2VJS;CELSIA SOLAR BOLIVAR;PRUEBAS;NORMAL;Solar;ND;RAD SOLAR;8;0,00;SI;CELSIA COLOMBIA S.A. E.S.P.;2/11/2019;2019;22/7/2026;4741641,485;2715844,379
173;BOLÍVAR;13836;TURBACO;5DW3;GD YURBAQUA;OPERACIÓN;GEN. DISTRIBUIDA;Solar;ND;RAD SOLAR;1;0,00;SI;UNERGY ENERGY DIGITAL S.A.S E.S.P;21/12/2025;2025;22/7/2026;4739513,547;2702998,875
174;BOLÍVAR;13894;ZAMBRANO;4Z8H;ZAMBRANO II;PRUEBAS;NORMAL;Solar;ND;RAD SOLAR;16;0,00;SI;DEPI ENERGY S.A.S. E.S.P.;20/9/2025;2025;22/7/2026;4793776,58;2635426,174
184;BOYACÁ;15491;NOBSA;5NPT;GD SUAMOX;OPERACIÓN;GEN. DISTRIBUIDA;Solar;ND;RAD SOLAR;1;0,00;SI;EMPRESA DE ENERGIA DE BOYACA S.A. E.S.P.;7/4/2026;2026;22/7/2026;5007449,728;2196539,207
192;CALDAS;17380;LA DORADA;5LT6;PLANTA FV DONA JUANA;OPERACIÓN;NORMAL;Solar;ND;RAD SOLAR;4;0,00;SI;EMPRESAS PUBLICAS DE MEDELLIN E.S.P.;2/7/2026;2026;22/7/2026;4809449,286;2156137,844
193;CALDAS;17380;LA DORADA;3IRX;PORTON DEL SOL;OPERACIÓN;AUTOGENERADOR;Solar;DC;RAD SOLAR;102;0,00;NO;GENERADORA Y COMERCIALIZADORA DE ENERGIA DEL CARIBE S.A. E.S.P.;7/3/2024;2024;22/7/2026;4809449,286;2156137,844
194;CALDAS;17380;LA DORADA;TPUY;PARQUE SOLAR TEPUY;OPERACIÓN;NORMAL;Solar;DC;RAD SOLAR;83;0,00;NO;EMPRESAS PUBLICAS DE MEDELLIN E.S.P.;11/6/2024;2024;22/7/2026;4809449,286;2156137,844
199;CALDAS;17524;PALESTINA;5ISX;PLANTA SOLAR SAN FRANCISCO;PRUEBAS;NORMAL;Solar;ND;RAD SOLAR;5;0,00;SI;EMPRESAS PUBLICAS DE MEDELLIN E.S.P.;8/2/2026;2026;22/7/2026;4704966,4;2116659,611
203;CALDAS;17877;VITERBO;5PO1;GD VITERBO I;PRUEBAS;GEN. DISTRIBUIDA;Solar;ND;RAD SOLAR;1;0,00;SI;ENERGIA LIMPIA Y EFICIENTE S.A.S ESP;16/5/2026;2026;22/7/2026;4680834,113;2116481,123
204;CALDAS;17877;VITERBO;5PO2;GD VITERBO II;PRUEBAS;GEN. DISTRIBUIDA;Solar;ND;RAD SOLAR;1;0,00;SI;ENERGIA LIMPIA Y EFICIENTE S.A.S ESP;16/5/2026;2026;22/7/2026;4680834,113;2116481,123
211;CASANARE;85001;YOPAL;3RH2;AUTOG HIDROSOLAR I;OPERACIÓN;AUTOGENERADOR;Solar;ND;RAD SOLAR;5;0,00;NO;ERCO GENERACION S.A.S. ESP;28/5/2026;2026;22/7/2026;5082194,139;2137359,654
224;CAUCA;19845;VILLA RICA;5P44;AUTOG CELSIA SOLAR TQ TECNOSUR;PRUEBAS;AUTOGENERADOR;Solar;ND;RAD SOLAR;4;0,00;NO;CELSIA COLOMBIA S.A. E.S.P.;30/4/2026;2026;22/7/2026;4614997,671;1910107,833
225;CAUCA;19698;SANTANDER DE QUILICHAO;4Z9Q;SOLAR ARDOBELA I;OPERACIÓN;NORMAL;Solar;ND;RAD SOLAR;10;0,00;SI;ECOARDOBELA I S.A.S. E.S.P.;23/12/2025;2025;22/7/2026;4611115,406;1888411,956
226;CAUCA;19698;SANTANDER DE QUILICHAO;4Z9S;SOLAR ARDOBELA II;OPERACIÓN;NORMAL;Solar;ND;RAD SOLAR;10;0,00;SI;ECOARDOBELA I S.A.S. E.S.P.;23/12/2025;2025;22/7/2026;4611115,406;1888411,956
233;CAUCA;19532;PATÍA;5TO2;GD NAOS IV;PRUEBAS;GEN. DISTRIBUIDA;Solar;ND;RAD SOLAR;1;0,00;SI;BIA ENERGY S.A.S. E.S.P;3/7/2026;2026;22/7/2026;4549808,829;1797094,883
234;CAUCA;19532;PATÍA;5SCX;GD VEGA I;OPERACIÓN;GEN. DISTRIBUIDA;Solar;ND;RAD SOLAR;1;0,00;SI;BIA ENERGY S.A.S. E.S.P;8/7/2026;2026;22/7/2026;4549808,829;1797094,883
235;CAUCA;19532;PATÍA;5SCK;GD VEGA II;OPERACIÓN;GEN. DISTRIBUIDA;Solar;ND;RAD SOLAR;1;0,00;SI;BIA ENERGY S.A.S. E.S.P;8/7/2026;2026;22/7/2026;4549808,829;1797094,883
236;CAUCA;19532;PATÍA;5TNV;GD NAOS V;PRUEBAS;GEN. DISTRIBUIDA;Solar;ND;RAD SOLAR;1;0,00;SI;BIA ENERGY S.A.S. E.S.P;10/7/2026;2026;22/7/2026;4549808,829;1797094,883
237;CAUCA;19573;PUERTO TEJADA;3MS2;CELSIA SOLAR PUERTO TEJADA;OPERACIÓN;AUTOGENERADOR;Solar;ND;RAD SOLAR;20;0,00;NO;CELSIA COLOMBIA S.A. E.S.P.;17/2/2026;2026;22/7/2026;4620150,146;1919622,953
244;CAUCA;19450;MERCADERES;5JQL;GD POLARIS III;OPERACIÓN;GEN. DISTRIBUIDA;Solar;ND;RAD SOLAR;1;0,00;SI;BIA ENERGY S.A.S. E.S.P;5/2/2026;2026;22/7/2026;4534799,528;1756773,86
245;CAUCA;19450;MERCADERES;5BQA;GD POLARIS II;OPERACIÓN;GEN. DISTRIBUIDA;Solar;ND;RAD SOLAR;1;0,00;SI;UNERGY ENERGY DIGITAL S.A.S E.S.P;20/9/2025;2025;22/7/2026;4534799,528;1756773,86
246;CAUCA;19450;MERCADERES;4YLM;POLARIS I;OPERACIÓN;GEN. DISTRIBUIDA;Solar;ND;RAD SOLAR;1;0,00;SI;UNERGY ENERGY DIGITAL S.A.S E.S.P;12/7/2025;2025;22/7/2026;4534799,528;1756773,86
247;CAUCA;19450;MERCADERES;5IKR;GD LYRA;OPERACIÓN;GEN. DISTRIBUIDA;Solar;ND;RAD SOLAR;1;0,00;SI;BIA ENERGY S.A.S. E.S.P;6/5/2026;2026;22/7/2026;4534799,528;1756773,86
248;CAUCA;19450;MERCADERES;5IM7;GD ORBIS;OPERACIÓN;GEN. DISTRIBUIDA;Solar;ND;RAD SOLAR;1;0,00;SI;BIA ENERGY S.A.S. E.S.P;6/5/2026;2026;22/7/2026;4534799,528;1756773,86
249;CAUCA;19450;MERCADERES;5TNM;GD LYRA II;PRUEBAS;GEN. DISTRIBUIDA;Solar;ND;RAD SOLAR;1;0,00;SI;BIA ENERGY S.A.S. E.S.P;3/7/2026;2026;22/7/2026;4534799,528;1756773,86
251;CESAR;20621;LA PAZ;5PUN;LA PAZ;PRUEBAS;NORMAL;Solar;ND;RAD SOLAR;10;0,00;SI;GR POWER COLOMBIA S.A.S E.S.P.;8/6/2026;2026;22/7/2026;4991409,357;2690038,519
252;CESAR;20621;LA PAZ;4RMR;MINIGRANJA LA PAZ ESMERALDA;OPERACIÓN;GEN. DISTRIBUIDA;Solar;ND;RAD SOLAR;1;0,00;SI;UNERGY ENERGY DIGITAL S.A.S E.S.P;25/2/2025;2025;22/7/2026;4991409,357;2690038,519
253;CESAR;20621;LA PAZ;3Q9K;MINIGRANJA LA PAZ VERSO;OPERACIÓN;GEN. DISTRIBUIDA;Solar;ND;RAD SOLAR;1;0,00;SI;UNERGY ENERGY DIGITAL S.A.S E.S.P;17/1/2025;2025;22/7/2026;4991409,357;2690038,519
254;CESAR;20621;LA PAZ;3RGZ;MINIGRANJA LA PAZ LEYENDA;OPERACIÓN;GEN. DISTRIBUIDA;Solar;ND;RAD SOLAR;1;0,00;SI;UNERGY ENERGY DIGITAL S.A.S E.S.P;1/12/2024;2024;22/7/2026;4991409,357;2690038,519
255;CESAR;20621;LA PAZ;3MHB;MINIGRANJA LA PAZ VALLENATA;OPERACIÓN;GEN. DISTRIBUIDA;Solar;ND;RAD SOLAR;1;0,00;SI;UNERGY ENERGY DIGITAL S.A.S E.S.P;12/8/2024;2024;22/7/2026;4991409,357;2690038,519
256;CESAR;20621;LA PAZ;4ZIO;GD BLANCA ENERGY I;OPERACIÓN;GEN. DISTRIBUIDA;Solar;ND;RAD SOLAR;0;0,00;SI;COENERGIA S.A.S. E.S.P.;16/8/2025;2025;22/7/2026;4991409,357;2690038,519
257;CESAR;20621;LA PAZ;4ZIS;GD BLANCA ENERGY II;OPERACIÓN;GEN. DISTRIBUIDA;Solar;ND;RAD SOLAR;0;0,00;SI;COENERGIA S.A.S. E.S.P.;16/8/2025;2025;22/7/2026;4991409,357;2690038,519
258;CESAR;20238;EL COPEY;3L9B;AUTOG EL COPEY;PRUEBAS;AUTOGENERADOR;Solar;ND;RAD SOLAR;7;0,00;NO;GENERADORA Y COMERCIALIZADORA DE ENERGIA DEL CARIBE S.A. E.S.P.;24/5/2024;2024;22/7/2026;4900053,859;2685257,04
259;CESAR;20238;EL COPEY;5E3J;MINIGRANJA EL COPEY OCCIDENTE;PRUEBAS;GEN. DISTRIBUIDA;Solar;ND;RAD SOLAR;1;0,00;SI;UNERGY ENERGY DIGITAL S.A.S E.S.P;24/1/2026;2026;22/7/2026;4900053,859;2685257,04
260;CESAR;20238;EL COPEY;4YAW;AUTOG PALMERAS DE LA COSTA;PRUEBAS;AUTOGENERADOR;Solar;ND;RAD SOLAR;3;0,00;NO;VOLTAJE EMPRESARIAL S.A.S. E.S.P.;21/6/2025;2025;22/7/2026;4900053,859;2685257,04
261;CESAR;20383;LA GLORIA;MATA;LA MATA;OPERACIÓN;NORMAL;Solar;DC;RAD SOLAR;80;0,00;NO;SPK LA MATA S.A.S E.S.P;26/6/2024;2024;22/7/2026;4932261,298;2507036,278
262;CESAR;20383;LA GLORIA;5LTB;GD ERCO ISIDORI;OPERACIÓN;GEN. DISTRIBUIDA;Solar;ND;RAD SOLAR;1;0,00;SI;ERCO GENERACION S.A.S. ESP;12/3/2026;2026;22/7/2026;4932261,298;2507036,278
263;CESAR;20400;LA JAGUA DE IBIRICO;4WWQ;MINIGRANJA IBIRICO;OPERACIÓN;GEN. DISTRIBUIDA;Solar;ND;RAD SOLAR;1;0,00;SI;UNERGY ENERGY DIGITAL S.A.S E.S.P;20/7/2025;2025;22/7/2026;4964620,691;2610097,394
264;CESAR;20178;CHIRIGUANÁ;5LSN;GD CHIRIGUANA NORTE II;OPERACIÓN;GEN. DISTRIBUIDA;Solar;ND;RAD SOLAR;1;0,00;SI;UNERGY ENERGY DIGITAL S.A.S E.S.P;22/5/2026;2026;22/7/2026;4939864,545;2599702,811
265;CESAR;20178;CHIRIGUANÁ;5LSO;GD CHIRIGUANA NORTE IV;OPERACIÓN;GEN. DISTRIBUIDA;Solar;ND;RAD SOLAR;1;0,00;SI;UNERGY ENERGY DIGITAL S.A.S E.S.P;22/5/2026;2026;22/7/2026;4939864,545;2599702,811
266;CESAR;20178;CHIRIGUANÁ;5JJA;GD CHIRIGUANA NORTE I;OPERACIÓN;GEN. DISTRIBUIDA;Solar;ND;RAD SOLAR;1;0,00;SI;COX ENERGY COMERCIALIZADORA SAS ESP;22/6/2026;2026;22/7/2026;4939864,545;2599702,811
267;CESAR;20178;CHIRIGUANÁ;5IME;PARQUE SOLAR SABANA;PRUEBAS;NORMAL;Solar;ND;RAD SOLAR;10;0,00;SI;ATLÁNTICA COLOMBIA S.A.S. E.S.P.;26/3/2026;2026;22/7/2026;4939864,545;2599702,811
268;CESAR;20250;EL PASO;5J8H;GRANJA SOLAR ASTURIAS;PRUEBAS;NORMAL;Solar;ND;RAD SOLAR;10;0,00;SI;GR POWER COLOMBIA S.A.S E.S.P.;15/6/2026;2026;22/7/2026;4919043,068;2628152,837
270;CESAR;20250;EL PASO;5IT2;GD SEMILLA DEL PASO IA;OPERACIÓN;GEN. DISTRIBUIDA;Solar;ND;RAD SOLAR;1;0,00;SI;ERCO GENERACION S.A.S. ESP;8/1/2026;2026;22/7/2026;4919043,068;2628152,837
271;CESAR;20250;EL PASO;5IT3;GD SEMILLA DEL PASO III;OPERACIÓN;GEN. DISTRIBUIDA;Solar;ND;RAD SOLAR;1;0,00;SI;ERCO GENERACION S.A.S. ESP;8/1/2026;2026;22/7/2026;4919043,068;2628152,837
272;CESAR;20250;EL PASO;5O14;GD EL PASO NORTE;PRUEBAS;GEN. DISTRIBUIDA;Solar;ND;RAD SOLAR;1;0,00;SI;COX ENERGY COMERCIALIZADORA SAS ESP;10/5/2026;2026;22/7/2026;4919043,068;2628152,837
273;CESAR;20250;EL PASO;5K7O;GD SEMILLA DE EL PASO IIIA;OPERACIÓN;GEN. DISTRIBUIDA;Solar;ND;RAD SOLAR;1;0,00;SI;ERCO GENERACION S.A.S. ESP;19/2/2026;2026;22/7/2026;4919043,068;2628152,837
274;CESAR;20250;EL PASO;5K7N;GD SEMILLA DE EL PASO IVA;OPERACIÓN;GEN. DISTRIBUIDA;Solar;ND;RAD SOLAR;1;0,00;SI;ERCO GENERACION S.A.S. ESP;19/2/2026;2026;22/7/2026;4919043,068;2628152,837
275;CESAR;20250;EL PASO;EPFV;EL PASO;OPERACIÓN;NORMAL;Solar;DC;RAD SOLAR;68;0,00;NO;ENEL COLOMBIA SA ESP;22/3/2024;2024;22/7/2026;4919043,068;2628152,837
276;CESAR;20250;EL PASO;3DDT;LATAM SOLAR LA LOMA;OPERACIÓN;NORMAL;Solar;DC;RAD SOLAR;150;0,00;NO;ENEL COLOMBIA SA ESP;23/6/2024;2024;22/7/2026;4919043,068;2628152,837
278;CESAR;20750;SAN DIEGO;3JQE;CANAHUATE;OPERACIÓN;GEN. DISTRIBUIDA;Solar;ND;RAD SOLAR;1;0,00;SI;UNERGY ENERGY DIGITAL S.A.S E.S.P;21/2/2024;2024;22/7/2026;4968459,561;2681768,214
279;CESAR;20750;SAN DIEGO;3JQC;GANDALF;OPERACIÓN;GEN. DISTRIBUIDA;Solar;ND;RAD SOLAR;1;0,00;SI;UNERGY ENERGY DIGITAL S.A.S E.S.P;21/2/2024;2024;22/7/2026;4968459,561;2681768,214
280;CESAR;20750;SAN DIEGO;3NR8;LA INGLESA;OPERACIÓN;GEN. DISTRIBUIDA;Solar;ND;RAD SOLAR;1;0,00;SI;UNERGY ENERGY DIGITAL S.A.S E.S.P;15/9/2024;2024;22/7/2026;4968459,561;2681768,214
281;CESAR;20750;SAN DIEGO;4Z8L;MINIGRANJA SAN DIEGO SUR;OPERACIÓN;GEN. DISTRIBUIDA;Solar;ND;RAD SOLAR;1;0,00;SI;UNERGY ENERGY DIGITAL S.A.S E.S.P;6/12/2025;2025;22/7/2026;4968459,561;2681768,214
282;CESAR;20787;TAMALAMEQUE;5FPV;GD ERCO PALMAS;OPERACIÓN;GEN. DISTRIBUIDA;Solar;ND;RAD SOLAR;1;0,00;SI;ERCO GENERACION S.A.S. ESP;24/11/2025;2025;22/7/2026;4916102,211;2541767,484
283;CESAR;20001;VALLEDUPAR;5JDL;PARQUE SOLAR EL JARDIN;PRUEBAS;NORMAL;Solar;ND;RAD SOLAR;9;0,00;SI;GREENYELLOW COMERCIALIZADORA S.A.S. E.S.P.;16/3/2026;2026;22/7/2026;4949533,847;2686978,504
284;CESAR;20001;VALLEDUPAR;5ISY;GD BLANCA ENERGY III;OPERACIÓN;GEN. DISTRIBUIDA;Solar;ND;RAD SOLAR;1;0,00;SI;DUCK ENERGY S.A.S. ESP;7/2/2026;2026;22/7/2026;4949533,847;2686978,504
285;CESAR;20001;VALLEDUPAR;5AXE;VALLEDUPAR I;PRUEBAS;NORMAL;Solar;ND;RAD SOLAR;20;0,00;SI;CELSIA COLOMBIA S.A. E.S.P.;8/12/2025;2025;22/7/2026;4949533,847;2686978,504
286;CESAR;20001;VALLEDUPAR;5AXC;VALLEDUPAR II;PRUEBAS;NORMAL;Solar;ND;RAD SOLAR;20;0,00;SI;CELSIA COLOMBIA S.A. E.S.P.;25/1/2026;2026;22/7/2026;4949533,847;2686978,504
287;CESAR;20001;VALLEDUPAR;5AXG;VALLEDUPAR III;PRUEBAS;NORMAL;Solar;ND;RAD SOLAR;20;0,00;SI;CELSIA COLOMBIA S.A. E.S.P.;15/3/2026;2026;22/7/2026;4949533,847;2686978,504
288;CESAR;20001;VALLEDUPAR;5H1F;MINIGRANJA VALENCIA ORIENTE I;OPERACIÓN;GEN. DISTRIBUIDA;Solar;ND;RAD SOLAR;1;0,00;SI;UNERGY ENERGY DIGITAL S.A.S E.S.P;12/2/2026;2026;22/7/2026;4949533,847;2686978,504
289;CESAR;20001;VALLEDUPAR;5E3F;MINIGRANJA VALENCIA ORIENTE II;OPERACIÓN;GEN. DISTRIBUIDA;Solar;ND;RAD SOLAR;1;0,00;SI;UNERGY ENERGY DIGITAL S.A.S E.S.P;23/2/2026;2026;22/7/2026;4949533,847;2686978,504
290;CESAR;20001;VALLEDUPAR;4Z8P;MINIGRANJA EL MAPALE;OPERACIÓN;GEN. DISTRIBUIDA;Solar;ND;RAD SOLAR;1;0,00;SI;UNERGY ENERGY DIGITAL S.A.S E.S.P;19/6/2026;2026;22/7/2026;4949533,847;2686978,504
291;CESAR;20001;VALLEDUPAR;4XOU;MINIGRANJA LA CUMBIA;OPERACIÓN;GEN. DISTRIBUIDA;Solar;ND;RAD SOLAR;1;0,00;SI;UNERGY ENERGY DIGITAL S.A.S E.S.P;6/5/2026;2026;22/7/2026;4949533,847;2686978,504
292;CESAR;20001;VALLEDUPAR;4SO8;MINIGRANJA LA PUYA;OPERACIÓN;GEN. DISTRIBUIDA;Solar;ND;RAD SOLAR;1;0,00;SI;UNERGY ENERGY DIGITAL S.A.S E.S.P;6/4/2025;2025;22/7/2026;4949533,847;2686978,504
293;CESAR;20001;VALLEDUPAR;4S7E;MINIGRANJA EL SON;OPERACIÓN;GEN. DISTRIBUIDA;Solar;ND;RAD SOLAR;1;0,00;SI;UNERGY ENERGY DIGITAL S.A.S E.S.P;27/4/2025;2025;22/7/2026;4949533,847;2686978,504
294;CESAR;20001;VALLEDUPAR;4Z8N;MINIGRANJA EL JOROPO;OPERACIÓN;GEN. DISTRIBUIDA;Solar;ND;RAD SOLAR;1;0,00;SI;UNERGY ENERGY DIGITAL S.A.S E.S.P;19/6/2026;2026;22/7/2026;4949533,847;2686978,504
295;CESAR;20001;VALLEDUPAR;4ZEP;GD ERCO MARIANGOLA;OPERACIÓN;GEN. DISTRIBUIDA;Solar;ND;RAD SOLAR;1;0,00;SI;ERCO GENERACION S.A.S. ESP;12/8/2025;2025;22/7/2026;4949533,847;2686978,504
296;CESAR;20001;VALLEDUPAR;4SO2;MINIGRANJA EL MERENGUE;OPERACIÓN;GEN. DISTRIBUIDA;Solar;ND;RAD SOLAR;1;0,00;SI;UNERGY ENERGY DIGITAL S.A.S E.S.P;15/4/2025;2025;22/7/2026;4949533,847;2686978,504
297;CESAR;20001;VALLEDUPAR;5H1N;GD LAS PILONERAS;OPERACIÓN;GEN. DISTRIBUIDA;Solar;ND;RAD SOLAR;1;0,00;SI;UNERGY ENERGY DIGITAL S.A.S E.S.P;22/5/2026;2026;22/7/2026;4949533,847;2686978,504
298;CESAR;20001;VALLEDUPAR;5GFB;GD JARDINCITO;OPERACIÓN;GEN. DISTRIBUIDA;Solar;ND;RAD SOLAR;1;0,00;SI;GREENYELLOW COMERCIALIZADORA S.A.S. E.S.P.;6/12/2025;2025;22/7/2026;4949533,847;2686978,504
299;CESAR;20001;VALLEDUPAR;5GF6;GD BLANCA ENERGY SOLAR 23;OPERACIÓN;GEN. DISTRIBUIDA;Solar;ND;RAD SOLAR;0;0,00;SI;COENERGIA S.A.S. E.S.P.;8/12/2025;2025;22/7/2026;4949533,847;2686978,504
300;CESAR;20001;VALLEDUPAR;5GF5;GD BLANCA ENERGY SOLAR 24;OPERACIÓN;GEN. DISTRIBUIDA;Solar;ND;RAD SOLAR;0;0,00;SI;COENERGIA S.A.S. E.S.P.;8/12/2025;2025;22/7/2026;4949533,847;2686978,504
301;CESAR;20001;VALLEDUPAR;5H1M;GD LA CACICA;OPERACIÓN;GEN. DISTRIBUIDA;Solar;ND;RAD SOLAR;1;0,00;SI;UNERGY ENERGY DIGITAL S.A.S E.S.P;22/5/2026;2026;22/7/2026;4949533,847;2686978,504
302;CÓRDOBA;23807;TIERRALTA;5E6T;SOL Y CIELO VII;OPERACIÓN;GEN. DISTRIBUIDA;Solar;ND;RAD SOLAR;1;0,00;SI;UNERGY ENERGY DIGITAL S.A.S E.S.P;1/1/2026;2026;22/7/2026;4650632,804;2422722,468
303;CÓRDOBA;23807;TIERRALTA;PSUA;PARQUE SOLAR URRA;PRUEBAS;NORMAL;Solar;DC;RAD SOLAR;20;0,00;NO;EMPRESA URRA S.A. E.S.P.;3/12/2025;2025;22/7/2026;4650632,804;2422722,468
305;CÓRDOBA;23678;SAN CARLOS;3IZ6;PARQUE SOLAR LA UNION;OPERACIÓN;NORMAL;Solar;DC;RAD SOLAR;100;0,00;NO;SPK LA UNIÓN S.A.S. E.S.P.;18/6/2024;2024;22/7/2026;4703835,474;2521112,887
306;CÓRDOBA;23672;SAN ANTERO;5MY6;GD SOL Y CIELO X;OPERACIÓN;GEN. DISTRIBUIDA;Solar;ND;RAD SOLAR;1;0,00;SI;SOL & CIELO ENERGIA S.A.S. E.S.P;3/6/2026;2026;22/7/2026;4693985,466;2593463,328
307;CÓRDOBA;23686;SAN PELAYO;5F74;GD SAN PELAYO;OPERACIÓN;GEN. DISTRIBUIDA;Solar;ND;RAD SOLAR;1;0,00;SI;UNERGY ENERGY DIGITAL S.A.S E.S.P;10/4/2026;2026;22/7/2026;4680181,993;2552424,143
308;CÓRDOBA;23686;SAN PELAYO;5AUM;GD GRANJA SAN PELAYO;OPERACIÓN;GEN. DISTRIBUIDA;Solar;ND;RAD SOLAR;1;0,00;SI;DUCK ENERGY S.A.S. ESP;16/10/2025;2025;22/7/2026;4680181,993;2552424,143
312;CÓRDOBA;23660;SAHAGÚN;5SEB;GD SOL Y CIELO XI;OPERACIÓN;GEN. DISTRIBUIDA;Solar;ND;RAD SOLAR;1;0,00;SI;ENERGIA Y GAS DE COLOMBIA SAS ESP;11/7/2026;2026;22/7/2026;4732874,909;2531155,1
313;CÓRDOBA;23660;SAHAGÚN;5SE7;GD SOL Y CIELO XII;OPERACIÓN;GEN. DISTRIBUIDA;Solar;ND;RAD SOLAR;1;0,00;SI;ENERGIA Y GAS DE COLOMBIA SAS ESP;11/7/2026;2026;22/7/2026;4732874,909;2531155,1
314;CÓRDOBA;23555;PLANETA RICA;3J2B;SOLAR PLANETA RICA;OPERACIÓN;NORMAL;Solar;ND;RAD SOLAR;20;0,00;SI;CELSIA COLOMBIA S.A. E.S.P.;16/4/2024;2024;22/7/2026;4703808,007;2463006,427
315;CÓRDOBA;23555;PLANETA RICA;3K6T;SOLAR ALEJANDRIA;PRUEBAS;NORMAL;Solar;ND;RAD SOLAR;9;0,00;SI;GREENYELLOW COMERCIALIZADORA S.A.S. E.S.P.;9/3/2024;2024;22/7/2026;4703808,007;2463006,427
316;CÓRDOBA;23555;PLANETA RICA;3CSH;GY SOLAR AURORA;PRUEBAS;NORMAL;Solar;ND;RAD SOLAR;10;0,00;SI;GREENYELLOW COMERCIALIZADORA S.A.S. E.S.P.;24/7/2022;2022;22/7/2026;4703808,007;2463006,427
317;CÓRDOBA;23555;PLANETA RICA;5LON;GD MEISSA II;OPERACIÓN;GEN. DISTRIBUIDA;Solar;ND;RAD SOLAR;1;0,00;SI;GREENYELLOW COMERCIALIZADORA S.A.S. E.S.P.;19/3/2026;2026;22/7/2026;4703808,007;2463006,427
318;CÓRDOBA;23555;PLANETA RICA;3PXH;CENTRO SOLAR;PRUEBAS;NORMAL;Solar;ND;RAD SOLAR;10;0,00;SI;GR POWER COLOMBIA S.A.S E.S.P.;18/11/2024;2024;22/7/2026;4703808,007;2463006,427
319;CÓRDOBA;23162;CERETÉ;5TJN;GD SEMILLAS DE CERETE II;PRUEBAS;GEN. DISTRIBUIDA;Solar;ND;RAD SOLAR;1;0,00;SI;GREENDIPITY SAS BIC ESP;16/7/2026;2026;22/7/2026;4683572,801;2542237,372
320;CÓRDOBA;23189;CIÉNAGA DE ORO;3QK6;AUTOG BIOS CIENAGA ORO;PRUEBAS;AUTOGENERADOR;Solar;ND;RAD SOLAR;1;0,00;NO;EMPRESAS PUBLICAS DE MEDELLIN E.S.P.;2/11/2024;2024;22/7/2026;4713264,674;2536023,351
321;CÓRDOBA;23189;CIÉNAGA DE ORO;5JG6;GD SOLYCIELO 9;OPERACIÓN;GEN. DISTRIBUIDA;Solar;ND;RAD SOLAR;1;0,00;SI;UNERGY ENERGY DIGITAL S.A.S E.S.P;19/2/2026;2026;22/7/2026;4713264,674;2536023,351
322;CÓRDOBA;23182;CHINÚ;3J2H;PETALO DE CORDOBA II;PRUEBAS;NORMAL;Solar;ND;RAD SOLAR;10;0,00;SI;BCCY CORDOBA S.A.S. E.S.P.;1/12/2023;2023;22/7/2026;4739088,592;2559231,761
323;CÓRDOBA;23182;CHINÚ;3HBN;TIERRA LINDA;PRUEBAS;NORMAL;Solar;ND;RAD SOLAR;10;0,00;SI;ATLÁNTICA COLOMBIA S.A.S. E.S.P.;12/3/2023;2023;22/7/2026;4739088,592;2559231,761
324;CÓRDOBA;23079;BUENAVISTA;3PXJ;BUENAVISTA;PRUEBAS;NORMAL;Solar;ND;RAD SOLAR;7;0,00;SI;GR POWER COLOMBIA S.A.S E.S.P.;20/7/2026;2026;22/7/2026;4731948,783;2463954,824
325;CÓRDOBA;23079;BUENAVISTA;4SS7;SOL Y CIELO IV;OPERACIÓN;GEN. DISTRIBUIDA;Solar;ND;RAD SOLAR;1;0,00;SI;ENERGIA Y GAS DE COLOMBIA SAS ESP;20/3/2025;2025;22/7/2026;4731948,783;2463954,824
326;CÓRDOBA;23068;AYAPEL;4QPJ;SOL DEL MAR II;PRUEBAS;NORMAL;Solar;ND;RAD SOLAR;10;0,00;SI;GR POWER COLOMBIA S.A.S E.S.P.;20/7/2026;2026;22/7/2026;4774425,352;2471941,422
327;CÓRDOBA;23466;MONTELÍBANO;3GPZ;MONTELIBANO;PRUEBAS;NORMAL;Solar;ND;RAD SOLAR;10;0,00;SI;CELSIA COLOMBIA S.A. E.S.P.;12/12/2022;2022;22/7/2026;4682752,613;2428095,528
328;CÓRDOBA;23350;LA APARTADA;4XQ2;PARQUE SOLAR INTI I;PRUEBAS;NORMAL;Solar;ND;RAD SOLAR;10;0,00;SI;EMPRESA URRA S.A. E.S.P.;15/7/2025;2025;22/7/2026;4747913,9;2448468,988
329;CÓRDOBA;23001;MONTERÍA;5IKT;GD SEMILLAS MONTERIA I;OPERACIÓN;GEN. DISTRIBUIDA;Solar;ND;RAD SOLAR;1;0,00;SI;SUNCOLOMBIA GENERACIÓN S.A.S E.S.P;11/1/2026;2026;22/7/2026;4675325,972;2507852,253
330;CÓRDOBA;23001;MONTERÍA;5IKU;GD SEMILLAS MONTERIA II;OPERACIÓN;GEN. DISTRIBUIDA;Solar;ND;RAD SOLAR;1;0,00;SI;SUNCOLOMBIA GENERACIÓN S.A.S E.S.P;11/1/2026;2026;22/7/2026;4675325,972;2507852,253
331;CÓRDOBA;23001;MONTERÍA;5IW1;GD EMPERATRIZ I;OPERACIÓN;GEN. DISTRIBUIDA;Solar;ND;RAD SOLAR;1;0,00;SI;SUNCOLOMBIA GENERACIÓN S.A.S E.S.P;18/2/2026;2026;22/7/2026;4675325,972;2507852,253
332;CÓRDOBA;23001;MONTERÍA;5J8J;GD EMPERATRIZ II;OPERACIÓN;GEN. DISTRIBUIDA;Solar;ND;RAD SOLAR;1;0,00;SI;SUNCOLOMBIA GENERACIÓN S.A.S E.S.P;18/2/2026;2026;22/7/2026;4675325,972;2507852,253
333;CÓRDOBA;23001;MONTERÍA;4YL2;GD GRANJA LA RUBIELA;OPERACIÓN;GEN. DISTRIBUIDA;Solar;ND;RAD SOLAR;1;0,00;SI;DUCK ENERGY S.A.S. ESP;18/7/2025;2025;22/7/2026;4675325,972;2507852,253
334;CÓRDOBA;23001;MONTERÍA;4VBC;SOL Y CIELO VI;OPERACIÓN;GEN. DISTRIBUIDA;Solar;ND;RAD SOLAR;1;0,00;SI;ENERGIA Y GAS DE COLOMBIA SAS ESP;7/5/2025;2025;22/7/2026;4675325,972;2507852,253
335;CÓRDOBA;23001;MONTERÍA;4S7K;SOL Y CIELO III;OPERACIÓN;GEN. DISTRIBUIDA;Solar;ND;RAD SOLAR;1;0,00;SI;ENERGIA Y GAS DE COLOMBIA SAS ESP;6/3/2025;2025;22/7/2026;4675325,972;2507852,253
336;CÓRDOBA;23001;MONTERÍA;4S7I;SOL Y CIELO II;OPERACIÓN;GEN. DISTRIBUIDA;Solar;ND;RAD SOLAR;1;0,00;SI;ENERGIA Y GAS DE COLOMBIA SAS ESP;6/3/2025;2025;22/7/2026;4675325,972;2507852,253
337;CÓRDOBA;23001;MONTERÍA;4UZS;SOL Y CIELO V;OPERACIÓN;GEN. DISTRIBUIDA;Solar;ND;RAD SOLAR;1;0,00;SI;ENERGIA Y GAS DE COLOMBIA SAS ESP;7/5/2025;2025;22/7/2026;4675325,972;2507852,253
338;CÓRDOBA;23001;MONTERÍA;3KJK;SOL Y CIELO I;PRUEBAS;NORMAL;Solar;ND;RAD SOLAR;10;0,00;SI;ENERGIA Y GAS DE COLOMBIA SAS ESP;5/5/2024;2024;22/7/2026;4675325,972;2507852,253
344;CUNDINAMARCA;25317;GUACHETÁ;3PKF;AUTOG UNIMINAS;PRUEBAS;AUTOGENERADOR;Solar;ND;RAD SOLAR;2;0,00;NO;ENEL COLOMBIA SA ESP;27/9/2024;2024;22/7/2026;4923222,263;2153330,023
345;CUNDINAMARCA;25317;GUACHETÁ;3PK3;AUTOG MILPA SAN CARLOS;PRUEBAS;AUTOGENERADOR;Solar;ND;RAD SOLAR;2;0,00;NO;ENEL COLOMBIA SA ESP;27/9/2024;2024;22/7/2026;4923222,263;2153330,023
346;CUNDINAMARCA;25320;GUADUAS;PORO;PARQUE SOLAR PUERTA DE ORO;OPERACIÓN;NORMAL;Solar;DC;RAD SOLAR;300;0,00;NO;PARQUE SOLAR PUERTA DE ORO S.A.S. E.S.P.;3/7/2026;2026;22/7/2026;4818279,935;2129902,353
347;CUNDINAMARCA;25320;GUADUAS;3J1J;PARQUE SOLAR HONDA I;PRUEBAS;NORMAL;Solar;ND;RAD SOLAR;10;0,00;SI;ATLÁNTICA COLOMBIA S.A.S. E.S.P.;14/12/2023;2023;22/7/2026;4818279,935;2129902,353
348;CUNDINAMARCA;25320;GUADUAS;3LLY;PARQUE SOLAR HONDA II;PRUEBAS;NORMAL;Solar;ND;RAD SOLAR;10;0,00;SI;ATLÁNTICA COLOMBIA S.A.S. E.S.P.;21/7/2024;2024;22/7/2026;4818279,935;2129902,353
349;CUNDINAMARCA;25183;CHOCONTÁ;5J8K;PARQUE SOLAR HATO GRANDE;PRUEBAS;NORMAL;Solar;ND;RAD SOLAR;9;0,00;SI;GREENYELLOW COMERCIALIZADORA S.A.S. E.S.P.;24/3/2026;2026;22/7/2026;4924586,088;2123620,342
350;CUNDINAMARCA;25224;CUCUNUBÁ;3LMH;JEQUES;PRUEBAS;NORMAL;Solar;ND;RAD SOLAR;10;0,00;SI;GREENYELLOW COMERCIALIZADORA S.A.S. E.S.P.;4/7/2024;2024;22/7/2026;4913594,124;2135994,014
353;CUNDINAMARCA;25530;PARATEBUENO;4SO6;LA MARTINA;PRUEBAS;NORMAL;Solar;ND;RAD SOLAR;10;0,00;SI;ERCO GENERACION S.A.S. ESP;31/10/2025;2025;22/7/2026;4973196,856;2040683,102
371;CUNDINAMARCA;25758;SOPÓ;5AD4;AUTOG CORONA SOPO;PRUEBAS;AUTOGENERADOR;Solar;ND;RAD SOLAR;5;0,00;NO;ENEL COLOMBIA SA ESP;22/8/2025;2025;22/7/2026;4892948,052;2098199,802
372;CUNDINAMARCA;25745;SIMIJACA;3QCI;CONDOR;PRUEBAS;NORMAL;Solar;ND;RAD SOLAR;10;0,00;SI;TERMOEMCALI I S.A E.S.P;9/11/2024;2024;22/7/2026;4906416,863;2166886,374
374;HUILA;41615;RIVERA;5F6W;GD ESPERANZA I;OPERACIÓN;GEN. DISTRIBUIDA;Solar;ND;RAD SOLAR;1;0,00;SI;NEXTGY S.A.S. E.S.P.;6/2/2026;2026;22/7/2026;4751583,397;1866854,324
375;HUILA;41615;RIVERA;5PUP;GD ESPERANZA I ETAPA II;PRUEBAS;GEN. DISTRIBUIDA;Solar;ND;RAD SOLAR;1;0,00;SI;NEXTGY S.A.S. E.S.P.;10/7/2026;2026;22/7/2026;4751583,397;1866854,324
376;HUILA;41524;PALERMO;5MAK;GD SINAI;OPERACIÓN;GEN. DISTRIBUIDA;Solar;ND;RAD SOLAR;1;0,00;SI;NEXTGY S.A.S. E.S.P.;21/6/2026;2026;22/7/2026;4728790,07;1880356,134
377;HUILA;41524;PALERMO;5F6V;GD ESPERANZA II;OPERACIÓN;GEN. DISTRIBUIDA;Solar;ND;RAD SOLAR;1;0,00;SI;NEXTGY S.A.S. E.S.P.;6/2/2026;2026;22/7/2026;4728790,07;1880356,134
384;HUILA;41001;NEIVA;3KXQ;AUTOG BIOS CONTEGRAL NEIVA;PRUEBAS;AUTOGENERADOR;Solar;ND;RAD SOLAR;2;0,00;NO;EMPRESAS PUBLICAS DE MEDELLIN E.S.P.;22/5/2024;2024;22/7/2026;4747518,906;1889042,275
385;LA GUAJIRA;44110;EL MOLINO;3NR4;MINIGRANJA EL MOLINO;OPERACIÓN;GEN. DISTRIBUIDA;Solar;ND;RAD SOLAR;1;0,00;SI;UNERGY ENERGY DIGITAL S.A.S E.S.P;29/9/2024;2024;22/7/2026;5012481,854;2733390,557
388;LA GUAJIRA;44090;DIBULLA;5F3P;GD WE202;OPERACIÓN;GEN. DISTRIBUIDA;Solar;ND;RAD SOLAR;1;0,00;SI;CEE ENERGY SAS ESP;8/11/2025;2025;22/7/2026;4952433,026;2783560,221
389;LA GUAJIRA;44090;DIBULLA;5F3Q;GD WE2021;OPERACIÓN;GEN. DISTRIBUIDA;Solar;ND;RAD SOLAR;1;0,00;SI;CEE ENERGY SAS ESP;8/11/2025;2025;22/7/2026;4952433,026;2783560,221
392;LA GUAJIRA;44001;RIOHACHA;4S66;GD DIOCESIS DE RIOHACHA;OPERACIÓN;GEN. DISTRIBUIDA;Solar;ND;RAD SOLAR;0;0,00;SI;ENERGIA LIMPIA Y EFICIENTE S.A.S ESP;24/1/2025;2025;22/7/2026;5004490,072;2800395,05
393;LA GUAJIRA;44874;VILLANUEVA;4S1G;MINIGRANJA VILLANUEVA;OPERACIÓN;GEN. DISTRIBUIDA;Solar;ND;RAD SOLAR;1;0,00;SI;UNERGY ENERGY DIGITAL S.A.S E.S.P;24/7/2025;2025;22/7/2026;5002712,649;2727525,466
397;MAGDALENA;47980;ZONA BANANERA;3HWM;PETALO DEL MAGDALENA;PRUEBAS;NORMAL;Solar;ND;RAD SOLAR;10;0,00;SI;CELSIA COLOMBIA S.A. E.S.P.;8/6/2023;2023;22/7/2026;4871268,231;2751279,72
398;MAGDALENA;47980;ZONA BANANERA;5G3U;SOL DE ZAWADY;OPERACIÓN;NORMAL;Solar;ND;RAD SOLAR;10;0,00;SI;GR POWER COLOMBIA S.A.S E.S.P.;10/7/2026;2026;22/7/2026;4871268,231;2751279,72
399;MAGDALENA;47980;ZONA BANANERA;5DW8;GD SEMILLA DE GUACAMAYAL II;OPERACIÓN;GEN. DISTRIBUIDA;Solar;ND;RAD SOLAR;1;0,00;SI;GREENYELLOW COMERCIALIZADORA S.A.S. E.S.P.;11/10/2025;2025;22/7/2026;4871268,231;2751279,72
400;MAGDALENA;47980;ZONA BANANERA;5LOO;GD SEVILLANO RURAL I;OPERACIÓN;GEN. DISTRIBUIDA;Solar;ND;RAD SOLAR;1;0,00;SI;GREENYELLOW COMERCIALIZADORA S.A.S. E.S.P.;2/3/2026;2026;22/7/2026;4871268,231;2751279,72
401;MAGDALENA;47980;ZONA BANANERA;5LAA;GD SEVILLANO RURAL II;OPERACIÓN;GEN. DISTRIBUIDA;Solar;ND;RAD SOLAR;1;0,00;SI;GREENYELLOW COMERCIALIZADORA S.A.S. E.S.P.;26/2/2026;2026;22/7/2026;4871268,231;2751279,72
403;MAGDALENA;47551;PIVIJAY;3HF5;FUNDACION;OPERACIÓN;NORMAL;Solar;DC;RAD SOLAR;100;0,00;NO;ENEL COLOMBIA SA ESP;23/6/2024;2024;22/7/2026;4845450,336;2711222,957
404;MAGDALENA;47189;CIÉNAGA;3J4D;CAIMAN CIENAGUERO;PRUEBAS;NORMAL;Solar;ND;RAD SOLAR;9;0,00;SI;GREENYELLOW COMERCIALIZADORA S.A.S. E.S.P.;23/11/2023;2023;22/7/2026;4888015,739;2757961,619
405;MAGDALENA;47030;ALGARROBO;5F42;GD LAS MERCEDES I;OPERACIÓN;GEN. DISTRIBUIDA;Solar;ND;RAD SOLAR;1;0,00;SI;FUENTES DE ENERGIAS RENOVABLES S.A.S. E.S.P.;1/1/2026;2026;22/7/2026;4879227,135;2691249,575
406;MAGDALENA;47030;ALGARROBO;5F6Z;GD LAS MERCEDES II;OPERACIÓN;GEN. DISTRIBUIDA;Solar;ND;RAD SOLAR;1;0,00;SI;FUENTES DE ENERGIAS RENOVABLES S.A.S. E.S.P.;1/1/2026;2026;22/7/2026;4879227,135;2691249,575
408;META;50313;GRANADA;5K7I;GD PARQUE SOLAR LA ESPERANZA;OPERACIÓN;GEN. DISTRIBUIDA;Solar;ND;RAD SOLAR;1;0,00;SI;ELECTRIFICADORA DEL META S.A. E.S.P.;19/2/2026;2026;22/7/2026;4915492,64;1938269,799
409;META;50313;GRANADA;5L9T;GD PARQUE SOLAR TRONCAL;OPERACIÓN;GEN. DISTRIBUIDA;Solar;ND;RAD SOLAR;1;0,00;SI;ELECTRIFICADORA DEL META S.A. E.S.P.;21/2/2026;2026;22/7/2026;4915492,64;1938269,799
410;META;50313;GRANADA;5ISS;GD PARQUE SOLAR GRANADA II;OPERACIÓN;GEN. DISTRIBUIDA;Solar;ND;RAD SOLAR;1;0,00;SI;ELECTRIFICADORA DEL META S.A. E.S.P.;4/1/2026;2026;22/7/2026;4915492,64;1938269,799
411;META;50313;GRANADA;5AXI;GD PARQUE SOLAR GRANADA I;OPERACIÓN;GEN. DISTRIBUIDA;Solar;ND;RAD SOLAR;1;0,00;SI;ELECTRIFICADORA DEL META S.A. E.S.P.;13/9/2025;2025;22/7/2026;4915492,64;1938269,799
412;META;50110;BARRANCA DE UPÍA;5H1O;GD YUAN SOLAR;OPERACIÓN;GEN. DISTRIBUIDA;Solar;ND;RAD SOLAR;1;0,00;SI;UNERGY ENERGY DIGITAL S.A.S E.S.P;15/12/2025;2025;22/7/2026;5000500,792;2057353,29
414;META;50568;PUERTO GAITÁN;3EFY;BOSQUES SOLARES DE LOS LLANOS 4;OPERACIÓN;NORMAL;Solar;ND;RAD SOLAR;20;0,00;SI;ISAGEN S.A. E.S.P.;11/9/2022;2022;22/7/2026;5151853,288;2000678,987
415;META;50568;PUERTO GAITÁN;3EDL;BOSQUES SOLARES DE LOS LLANOS 5;OPERACIÓN;NORMAL;Solar;ND;RAD SOLAR;18;0,00;SI;ISAGEN S.A. E.S.P.;11/9/2022;2022;22/7/2026;5151853,288;2000678,987
416;META;50568;PUERTO GAITÁN;TR2G;TRINA-VATIA BSLII;PRUEBAS;NORMAL;Solar;ND;RAD SOLAR;20;0,00;SI;ISAGEN S.A. E.S.P.;29/10/2020;2020;22/7/2026;5151853,288;2000678,987
417;META;50568;PUERTO GAITÁN;2ZP9;TRINA-VATIA BSLI;PRUEBAS;NORMAL;Solar;ND;RAD SOLAR;20;0,00;SI;ISAGEN S.A. E.S.P.;11/8/2020;2020;22/7/2026;5151853,288;2000678,987
418;META;50568;PUERTO GAITÁN;TR3G;TRINA-VATIA BSLIII;PRUEBAS;NORMAL;Solar;ND;RAD SOLAR;20;0,00;SI;ISAGEN S.A. E.S.P.;29/10/2020;2020;22/7/2026;5151853,288;2000678,987
420;META;50683;SAN JUAN DE ARAMA;3J4R;PARQUE SOLAR DINAMARCA;PRUEBAS;NORMAL;Solar;ND;RAD SOLAR;9;0,00;SI;GREENYELLOW COMERCIALIZADORA S.A.S. E.S.P.;13/12/2023;2023;22/7/2026;4915720,178;1920932,65
421;META;50683;SAN JUAN DE ARAMA;3J4T;PARQUE SOLAR VERSALLES;PRUEBAS;NORMAL;Solar;ND;RAD SOLAR;9;0,00;SI;GREENYELLOW COMERCIALIZADORA S.A.S. E.S.P.;14/12/2023;2023;22/7/2026;4915720,178;1920932,65
422;META;50689;SAN MARTÍN;4WWY;GD SAN MARTIN;OPERACIÓN;GEN. DISTRIBUIDA;Solar;ND;RAD SOLAR;1;0,00;SI;ELECTRIFICADORA DEL META S.A. E.S.P.;10/5/2025;2025;22/7/2026;5038104,456;1946516,493
423;META;50689;SAN MARTÍN;4Y5T;GD SAN MARTIN III;OPERACIÓN;GEN. DISTRIBUIDA;Solar;ND;RAD SOLAR;1;0,00;SI;ELECTRIFICADORA DEL META S.A. E.S.P.;14/6/2025;2025;22/7/2026;5038104,456;1946516,493
424;META;50689;SAN MARTÍN;4XQA;GD SAN MARTIN II;OPERACIÓN;GEN. DISTRIBUIDA;Solar;ND;RAD SOLAR;1;0,00;SI;ELECTRIFICADORA DEL META S.A. E.S.P.;24/5/2025;2025;22/7/2026;5038104,456;1946516,493
425;META;50680;SAN CARLOS DE GUAROA;3J4V;PARQUE SOLAR LA MENA;PRUEBAS;NORMAL;Solar;ND;RAD SOLAR;9;0,00;SI;GREENYELLOW COMERCIALIZADORA S.A.S. E.S.P.;29/12/2023;2023;22/7/2026;4969387,497;1983167,8
427;META;50001;VILLAVICENCIO;3DSO;HELIOS I;PRUEBAS;NORMAL;Solar;ND;RAD SOLAR;16;0,00;SI;EMPRESA DE ENERGIA DE BOYACA S.A. E.S.P.;25/2/2022;2022;22/7/2026;4945311,901;2010146,945
431;NARIÑO;52786;TAMINANGO;4YLK;DELTA I;OPERACIÓN;GEN. DISTRIBUIDA;Solar;ND;RAD SOLAR;1;0,00;SI;UNERGY ENERGY DIGITAL S.A.S E.S.P;12/7/2025;2025;22/7/2026;4518626,534;1734411,267
432;NARIÑO;52786;TAMINANGO;4WP2;GD NAOS III;OPERACIÓN;GEN. DISTRIBUIDA;Solar;ND;RAD SOLAR;1;0,00;SI;BIA ENERGY S.A.S. E.S.P;1/5/2025;2025;22/7/2026;4518626,534;1734411,267
433;NARIÑO;52786;TAMINANGO;5BPT;GD DELTA II;OPERACIÓN;GEN. DISTRIBUIDA;Solar;ND;RAD SOLAR;1;0,00;SI;BIA ENERGY S.A.S. E.S.P;20/9/2025;2025;22/7/2026;4518626,534;1734411,267
434;NARIÑO;52786;TAMINANGO;3NLE;GD NAOS I;OPERACIÓN;GEN. DISTRIBUIDA;Solar;ND;RAD SOLAR;1;0,00;SI;UNERGY ENERGY DIGITAL S.A.S E.S.P;26/8/2024;2024;22/7/2026;4518626,534;1734411,267
435;NARIÑO;52786;TAMINANGO;4T9M;GD NAOS II;OPERACIÓN;GEN. DISTRIBUIDA;Solar;ND;RAD SOLAR;1;0,00;SI;BIA ENERGY S.A.S. E.S.P;1/3/2025;2025;22/7/2026;4518626,534;1734411,267
440;NARIÑO;52240;CHACHAGÜÍ;5TQN;GD NOVA I;PRUEBAS;GEN. DISTRIBUIDA;Solar;ND;RAD SOLAR;1;0,00;SI;BIA ENERGY S.A.S. E.S.P;9/7/2026;2026;22/7/2026;4524776,211;1711667,254
441;NORTE DE SANTANDER;54003;ÁBREGO;3HLD;LOS GIRASOLES;PRUEBAS;NORMAL;Solar;ND;RAD SOLAR;10;0,00;SI;PARQUE SOLAR LOS GIRASOLES S.A.S ESP;26/5/2023;2023;22/7/2026;4982538,658;2444185,451
442;NORTE DE SANTANDER;54385;LA ESPERANZA;4YL8;PETALO DEL NORTE DE SANTANDER I;PRUEBAS;NORMAL;Solar;ND;RAD SOLAR;20;0,00;SI;ERCO GENERACION S.A.S. ESP;27/7/2025;2025;22/7/2026;4960159,119;2408331,587
443;NORTE DE SANTANDER;54498;OCAÑA;3IQA;SUNNORTE;OPERACIÓN;NORMAL;Solar;DC;RAD SOLAR;35;0,00;NO;GENERSOL S.A.S. E.S.P.;25/11/2024;2024;22/7/2026;4962824,08;2464845,133
444;NORTE DE SANTANDER;54405;LOS PATIOS;5FPM;GD ASTROLUMEN LA GARITA;OPERACIÓN;GEN. DISTRIBUIDA;Solar;ND;RAD SOLAR;1;0,00;SI;UNERGY ENERGY DIGITAL S.A.S E.S.P;18/3/2026;2026;22/7/2026;5051372,896;2408831,959
445;NORTE DE SANTANDER;54001;SAN JOSÉ DE CÚCUTA;5BPX;GD AGUSTIN I;OPERACIÓN;GEN. DISTRIBUIDA;Solar;ND;RAD SOLAR;1;0,00;SI;UNERGY ENERGY DIGITAL S.A.S E.S.P;23/1/2026;2026;22/7/2026;5056312,818;2454396,009
446;NORTE DE SANTANDER;54001;SAN JOSÉ DE CÚCUTA;5QFM;GD AGUSTIN II;OPERACIÓN;GEN. DISTRIBUIDA;Solar;ND;RAD SOLAR;1;0,00;SI;UNERGY ENERGY DIGITAL S.A.S E.S.P;18/6/2026;2026;22/7/2026;5056312,818;2454396,009
447;NORTE DE SANTANDER;54001;SAN JOSÉ DE CÚCUTA;5QTA;GD AGUSTIN III;OPERACIÓN;GEN. DISTRIBUIDA;Solar;ND;RAD SOLAR;1;0,00;SI;UNERGY ENERGY DIGITAL S.A.S E.S.P;18/6/2026;2026;22/7/2026;5056312,818;2454396,009
450;NORTE DE SANTANDER;54673;SAN CAYETANO;5QTJ;GD GRANJA SOLAR SAN AGUSTIN;OPERACIÓN;GEN. DISTRIBUIDA;Solar;ND;RAD SOLAR;1;0,00;SI;UNERGY ENERGY DIGITAL S.A.S E.S.P;18/6/2026;2026;22/7/2026;5042993,317;2425193,291
451;NORTE DE SANTANDER;54673;SAN CAYETANO;5FPL;GRANJA SOLAR LA GARITA;OPERACIÓN;GEN. DISTRIBUIDA;Solar;ND;RAD SOLAR;1;0,00;SI;UNERGY ENERGY DIGITAL S.A.S E.S.P;18/3/2026;2026;22/7/2026;5042993,317;2425193,291
452;NORTE DE SANTANDER;54673;SAN CAYETANO;5FPK;GD BIOSOLAR;OPERACIÓN;GEN. DISTRIBUIDA;Solar;ND;RAD SOLAR;1;0,00;SI;UNERGY ENERGY DIGITAL S.A.S E.S.P;19/3/2026;2026;22/7/2026;5042993,317;2425193,291
453;NORTE DE SANTANDER;54673;SAN CAYETANO;3GJQ;TERMOTASAJERO DOS SOLAR;PRUEBAS;NORMAL;Solar;ND;RAD SOLAR;4;0,00;SI;TERMOTASAJERO DOS S.A. E.S.P. ;13/12/2022;2022;22/7/2026;5042993,317;2425193,291
460;QUINDIO;63470;MONTENEGRO;5JRP;GD EDEQ SOLAR MONTENEGRO;OPERACIÓN;GEN. DISTRIBUIDA;Solar;ND;RAD SOLAR;0;0,00;SI;EMPRESA DE ENERGIA DEL QUINDIO S.A. E.S.P.;9/2/2026;2026;22/7/2026;4687387,452;2058270,693
461;QUINDIO;63401;LA TEBAIDA;5JRO;GD EDEQ SOLAR LA TEBAIDA;OPERACIÓN;GEN. DISTRIBUIDA;Solar;ND;RAD SOLAR;0;0,00;SI;EMPRESA DE ENERGIA DEL QUINDIO S.A. E.S.P.;9/2/2026;2026;22/7/2026;4687226,739;2047761,746
462;QUINDIO;63001;ARMENIA;5ISR;GD LA MACANA;OPERACIÓN;GEN. DISTRIBUIDA;Solar;ND;RAD SOLAR;1;0,00;SI;SUNO S.A.S. ESP;15/1/2026;2026;22/7/2026;4697723,595;2055756,443
470;RISARALDA;66001;PEREIRA;3B4L;GRANJA SOLAR BELMONTE;PRUEBAS;NORMAL;Solar;ND;RAD SOLAR;5;0,00;SI;EMPRESA DE ENERGIA DE PEREIRA S.A. E.S.P.;23/3/2021;2021;22/7/2026;4689984,259;2089424,468
474;SANTANDER;68655;SABANA DE TORRES;4ULO;MINIGRANJA LA RESERVA;OPERACIÓN;GEN. DISTRIBUIDA;Solar;ND;RAD SOLAR;1;0,00;SI;UNERGY ENERGY DIGITAL S.A.S E.S.P;3/7/2025;2025;22/7/2026;4936951,944;2376065,399
475;SANTANDER;68655;SABANA DE TORRES;4YLA;GD ALEJANDRIA I;OPERACIÓN;GEN. DISTRIBUIDA;Solar;ND;RAD SOLAR;1;0,00;SI;PROELECTRICA S.A.S E.S.P.;21/8/2025;2025;22/7/2026;4936951,944;2376065,399
476;SANTANDER;68655;SABANA DE TORRES;4YLE;GD ALEJANDRIA II;OPERACIÓN;GEN. DISTRIBUIDA;Solar;ND;RAD SOLAR;1;0,00;SI;PROELECTRICA S.A.S E.S.P.;23/10/2025;2025;22/7/2026;4936951,944;2376065,399
477;SANTANDER;68655;SABANA DE TORRES;4YLC;GD ALEJANDRIA III;OPERACIÓN;GEN. DISTRIBUIDA;Solar;ND;RAD SOLAR;1;0,00;SI;PROELECTRICA S.A.S E.S.P.;23/10/2025;2025;22/7/2026;4936951,944;2376065,399
478;SANTANDER;68655;SABANA DE TORRES;5QFE;GD SABANA DE TORRES;PRUEBAS;GEN. DISTRIBUIDA;Solar;ND;RAD SOLAR;1;0,00;SI;UNERGY ENERGY DIGITAL S.A.S E.S.P;21/5/2026;2026;22/7/2026;4936951,944;2376065,399
481;SANTANDER;68081;BARRANCABERMEJA;5TNL;GD PXV II;PRUEBAS;GEN. DISTRIBUIDA;Solar;ND;RAD SOLAR;1;0,00;SI;ES INVEST COLOMBIA S.A.S. ESP;12/7/2026;2026;22/7/2026;4913653,331;2337534,747
486;SANTANDER;68081;BARRANCABERMEJA;5AUG;GD PXV IV;OPERACIÓN;GEN. DISTRIBUIDA;Solar;ND;RAD SOLAR;1;0,00;SI;ES INVEST COLOMBIA S.A.S. ESP;9/10/2025;2025;22/7/2026;4913653,331;2337534,747
487;SANTANDER;68081;BARRANCABERMEJA;5AUE;GD PXV I;OPERACIÓN;GEN. DISTRIBUIDA;Solar;ND;RAD SOLAR;1;0,00;SI;ES INVEST COLOMBIA S.A.S. ESP;9/10/2025;2025;22/7/2026;4913653,331;2337534,747
491;SANTANDER;68418;LOS SANTOS;5B15;GD MGS 0013 LA MESA;OPERACIÓN;GEN. DISTRIBUIDA;Solar;ND;RAD SOLAR;1;0,00;SI;UNERGY ENERGY DIGITAL S.A.S E.S.P;25/2/2026;2026;22/7/2026;4988087,673;2310733,473
492;SANTANDER;68418;LOS SANTOS;4ULS;MINIGRANJA EL OLIMPO;OPERACIÓN;GEN. DISTRIBUIDA;Solar;ND;RAD SOLAR;1;0,00;SI;UNERGY ENERGY DIGITAL S.A.S E.S.P;25/2/2026;2026;22/7/2026;4988087,673;2310733,473
499;SUCRE;70235;GALERAS;3JPM;BARAYA;OPERACIÓN;GEN. DISTRIBUIDA;Solar;ND;RAD SOLAR;1;0,00;SI;UNERGY ENERGY DIGITAL S.A.S E.S.P;17/2/2024;2024;22/7/2026;4782348,823;2568039,274
500;SUCRE;70429;MAJAGUAL;3C3Z;LA SIERPE;PRUEBAS;NORMAL;Solar;ND;RAD SOLAR;20;0,00;SI;ATLÁNTICA COLOMBIA S.A.S. E.S.P.;15/9/2021;2021;22/7/2026;4811823,408;2502760,843
501;SUCRE;70400;LA UNIÓN;5O1A;GD EL CASTILLO II;OPERACIÓN;GEN. DISTRIBUIDA;Solar;ND;RAD SOLAR;1;0,00;SI;OTACC GENERACION S.A.S. E.S.P.;19/6/2026;2026;22/7/2026;4748949,97;2532493,064
502;SUCRE;70400;LA UNIÓN;5O15;GD EL CASTILLO I;OPERACIÓN;GEN. DISTRIBUIDA;Solar;ND;RAD SOLAR;1;0,00;SI;OTACC GENERACION S.A.S. E.S.P.;19/6/2026;2026;22/7/2026;4748949,97;2532493,064
503;SUCRE;70400;LA UNIÓN;5O16;GD EL CASTILLO III;OPERACIÓN;GEN. DISTRIBUIDA;Solar;ND;RAD SOLAR;1;0,00;SI;OTACC GENERACION S.A.S. E.S.P.;19/6/2026;2026;22/7/2026;4748949,97;2532493,064
504;SUCRE;70400;LA UNIÓN;5O1C;GD EL CASTILLO IV;OPERACIÓN;GEN. DISTRIBUIDA;Solar;ND;RAD SOLAR;1;0,00;SI;OTACC GENERACION S.A.S. E.S.P.;19/6/2026;2026;22/7/2026;4748949,97;2532493,064
505;SUCRE;70400;LA UNIÓN;5O17;GD EL CASTILLO V;OPERACIÓN;GEN. DISTRIBUIDA;Solar;ND;RAD SOLAR;1;0,00;SI;OTACC GENERACION S.A.S. E.S.P.;19/6/2026;2026;22/7/2026;4748949,97;2532493,064
506;SUCRE;70215;COROZAL;5K7H;GD PEGASUS SOLAR;OPERACIÓN;GEN. DISTRIBUIDA;Solar;ND;RAD SOLAR;1;0,00;SI;GREENYELLOW COMERCIALIZADORA S.A.S. E.S.P.;2/3/2026;2026;22/7/2026;4754072,543;2571017,574
507;SUCRE;70215;COROZAL;5MA4;GD GALILEO SOLAR;OPERACIÓN;GEN. DISTRIBUIDA;Solar;ND;RAD SOLAR;1;0,00;SI;GREENYELLOW COMERCIALIZADORA S.A.S. E.S.P.;16/3/2026;2026;22/7/2026;4754072,543;2571017,574
508;SUCRE;70215;COROZAL;5IVZ;GD CORALITO;OPERACIÓN;GEN. DISTRIBUIDA;Solar;ND;RAD SOLAR;1;0,00;SI;SUNCOLOMBIA GENERACIÓN S.A.S E.S.P;17/1/2026;2026;22/7/2026;4754072,543;2571017,574
509;SUCRE;70215;COROZAL;5J8I;GD GOLONDRINA;OPERACIÓN;GEN. DISTRIBUIDA;Solar;ND;RAD SOLAR;1;0,00;SI;SUNCOLOMBIA GENERACIÓN S.A.S E.S.P;17/1/2026;2026;22/7/2026;4754072,543;2571017,574
510;SUCRE;70233;EL ROBLE;3R9G;GD EL ROBLE;OPERACIÓN;GEN. DISTRIBUIDA;Solar;ND;RAD SOLAR;1;0,00;SI;PROELECTRICA S.A.S E.S.P.;24/11/2024;2024;22/7/2026;4764261,098;2557196,96
511;SUCRE;70670;SAMPUÉS;3HBP;LA TOLUA;PRUEBAS;NORMAL;Solar;ND;RAD SOLAR;20;0,00;SI;ATLÁNTICA COLOMBIA S.A.S. E.S.P.;12/3/2023;2023;22/7/2026;4740725,718;2571609,516
512;SUCRE;70670;SAMPUÉS;5JJC;GD ERCO LAS PIEDRAS I;OPERACIÓN;GEN. DISTRIBUIDA;Solar;ND;RAD SOLAR;1;0,00;SI;ERCO GENERACION S.A.S. ESP;18/2/2026;2026;22/7/2026;4740725,718;2571609,516
513;SUCRE;70670;SAMPUÉS;5JGE;GD ERCO LAS PIEDRAS II;OPERACIÓN;GEN. DISTRIBUIDA;Solar;ND;RAD SOLAR;1;0,00;SI;ERCO GENERACION S.A.S. ESP;30/1/2026;2026;22/7/2026;4740725,718;2571609,516
514;SUCRE;70708;SAN MARCOS;5OWN;GD LOS MANGOS III;PRUEBAS;GEN. DISTRIBUIDA;Solar;ND;RAD SOLAR;1;0,00;SI;OTACC GENERACION S.A.S. E.S.P.;20/7/2026;2026;22/7/2026;4760988,857;2507784,469
515;SUCRE;70708;SAN MARCOS;5O1U;GD CANARIOS I;OPERACIÓN;GEN. DISTRIBUIDA;Solar;ND;RAD SOLAR;1;0,00;SI;OTACC GENERACION S.A.S. E.S.P.;19/6/2026;2026;22/7/2026;4760988,857;2507784,469
516;SUCRE;70708;SAN MARCOS;5O1W;GD CANARIOS II;OPERACIÓN;GEN. DISTRIBUIDA;Solar;ND;RAD SOLAR;1;0,00;SI;OTACC GENERACION S.A.S. E.S.P.;19/6/2026;2026;22/7/2026;4760988,857;2507784,469
517;SUCRE;70708;SAN MARCOS;5OWY;GD CANARIOS III;OPERACIÓN;GEN. DISTRIBUIDA;Solar;ND;RAD SOLAR;1;0,00;SI;OTACC GENERACION S.A.S. E.S.P.;19/6/2026;2026;22/7/2026;4760988,857;2507784,469
518;SUCRE;70708;SAN MARCOS;5O1V;GD LOS MANGOS I;PRUEBAS;GEN. DISTRIBUIDA;Solar;ND;RAD SOLAR;1;0,00;SI;OTACC GENERACION S.A.S. E.S.P.;20/7/2026;2026;22/7/2026;4760988,857;2507784,469
519;SUCRE;70708;SAN MARCOS;5OWK;GD LOS MANGOS II;PRUEBAS;GEN. DISTRIBUIDA;Solar;ND;RAD SOLAR;1;0,00;SI;OTACC GENERACION S.A.S. E.S.P.;20/7/2026;2026;22/7/2026;4760988,857;2507784,469
520;SUCRE;70717;SAN PEDRO;3JPK;MINIGRANJA SAN PEDRO;OPERACIÓN;GEN. DISTRIBUIDA;Solar;ND;RAD SOLAR;1;0,00;SI;NITRO ENERGY COLOMBIA S.A.S. E.S.P.;26/2/2024;2024;22/7/2026;4776352,949;2597008,807
521;SUCRE;70713;SAN ONOFRE;4YLO;SAN ONOFRE;OPERACIÓN;GEN. DISTRIBUIDA;Solar;ND;RAD SOLAR;1;0,00;SI;UNERGY ENERGY DIGITAL S.A.S E.S.P;12/7/2025;2025;22/7/2026;4725310,972;2643550,844
522;SUCRE;70713;SAN ONOFRE;5PU1;GD SAN ONOFRE I;OPERACIÓN;GEN. DISTRIBUIDA;Solar;ND;RAD SOLAR;1;0,00;SI;DUCK ENERGY S.A.S. ESP;27/5/2026;2026;22/7/2026;4725310,972;2643550,844
523;SUCRE;70713;SAN ONOFRE;5PTW;GD SAN ONOFRE II;OPERACIÓN;GEN. DISTRIBUIDA;Solar;ND;RAD SOLAR;1;0,00;SI;DUCK ENERGY S.A.S. ESP;27/5/2026;2026;22/7/2026;4725310,972;2643550,844
524;SUCRE;70713;SAN ONOFRE;5PTU;GD SAN ONOFRE III;OPERACIÓN;GEN. DISTRIBUIDA;Solar;ND;RAD SOLAR;1;0,00;SI;DUCK ENERGY S.A.S. ESP;27/5/2026;2026;22/7/2026;4725310,972;2643550,844
525;SUCRE;70823;SAN JOSÉ DE TOLUVIEJO;3NLZ;SOLAR OLD T;PRUEBAS;NORMAL;Solar;ND;RAD SOLAR;10;0,00;SI;VATIA S.A. E.S.P.;8/9/2024;2024;22/7/2026;4731715,132;2607631,347
526;SUCRE;70001;SINCELEJO;3ENE;SINCE;PRUEBAS;NORMAL;Solar;ND;RAD SOLAR;19;0,00;SI;CELSIA COLOMBIA S.A. E.S.P.;29/7/2022;2022;22/7/2026;4732984,094;2588422,4
527;TOLIMA;73770;SUÁREZ;5U9W;SUAREZ;PRUEBAS;NORMAL;Solar;ND;RAD SOLAR;8;0,00;SI;ERCO GENERACION S.A.S. ESP;17/7/2026;2026;22/7/2026;4795307,574;1996820,868
528;TOLIMA;73671;SALDAÑA;3Q87;GD ERCO SALDANA I;OPERACIÓN;GEN. DISTRIBUIDA;Solar;ND;RAD SOLAR;1;0,00;SI;ERCO GENERACION S.A.S. ESP;17/11/2024;2024;22/7/2026;4775943,735;1990605,979
529;TOLIMA;73671;SALDAÑA;3Q89;GD ERCO SALDANA II;OPERACIÓN;GEN. DISTRIBUIDA;Solar;ND;RAD SOLAR;1;0,00;SI;ERCO GENERACION S.A.S. ESP;17/11/2024;2024;22/7/2026;4775943,735;1990605,979
530;TOLIMA;73671;SALDAÑA;4SO4;ROKRA;OPERACIÓN;NORMAL;Solar;ND;RAD SOLAR;10;0,00;SI;ERCO GENERACION S.A.S. ESP;27/6/2026;2026;22/7/2026;4775943,735;1990605,979
533;TOLIMA;73624;ROVIRA;3NLG;ROVIRA;PRUEBAS;NORMAL;Solar;ND;RAD SOLAR;3;0,00;SI;CENTRAL TERMOCARTAGENA SAS ESP;10/10/2024;2024;22/7/2026;4739505,287;2024339,249
536;TOLIMA;73585;PURIFICACIÓN;5SEF;CHENCHE PURIFICACION;PRUEBAS;NORMAL;Solar;ND;RAD SOLAR;10;0,00;SI;ERCO GENERACION S.A.S. ESP;19/6/2026;2026;22/7/2026;4791927,823;1984128,489
542;TOLIMA;73148;CARMEN DE APICALÁ;3NGJ;GD CHIMBI;OPERACIÓN;GEN. DISTRIBUIDA;Solar;ND;RAD SOLAR;1;0,00;SI;CELSIA COLOMBIA S.A. E.S.P.;27/8/2024;2024;22/7/2026;4806149,735;2013848,717
543;TOLIMA;73055;ARMERO;3EV1;LOS CABALLEROS;PRUEBAS;NORMAL;Solar;ND;RAD SOLAR;10;0,00;SI;CELSIA COLOMBIA S.A. E.S.P.;26/8/2022;2022;22/7/2026;4795244,82;2111527,497
544;TOLIMA;73055;ARMERO;3GRD;GRANJA SOLAR SAN FELIPE;PRUEBAS;NORMAL;Solar;ND;RAD SOLAR;9;0,00;SI;CELSIA COLOMBIA S.A. E.S.P.;20/12/2022;2022;22/7/2026;4795244,82;2111527,497
545;TOLIMA;73055;ARMERO;3JQA;GD EL BANCO;OPERACIÓN;GEN. DISTRIBUIDA;Solar;ND;RAD SOLAR;1;0,00;SI;CELSIA COLOMBIA S.A. E.S.P.;21/2/2024;2024;22/7/2026;4795244,82;2111527,497
546;TOLIMA;73443;SAN SEBASTIÁN DE MARIQUITA;3EV3;LA MEDINA;PRUEBAS;NORMAL;Solar;ND;RAD SOLAR;10;0,00;SI;CELSIA COLOMBIA S.A. E.S.P.;26/8/2022;2022;22/7/2026;4788758,98;2136815,333
547;TOLIMA;73443;SAN SEBASTIÁN DE MARIQUITA;3EXB;CERRITOS;PRUEBAS;NORMAL;Solar;ND;RAD SOLAR;10;0,00;SI;CELSIA COLOMBIA S.A. E.S.P.;2/9/2022;2022;22/7/2026;4788758,98;2136815,333
549;TOLIMA;73449;MELGAR;3FCF;GRANJA SOLAR LANCEROS;PRUEBAS;NORMAL;Solar;ND;RAD SOLAR;9;0,00;SI;CELSIA COLOMBIA S.A. E.S.P.;27/12/2022;2022;22/7/2026;4821919,972;2021535,134
550;TOLIMA;73504;ORTEGA;3NDE;GD ERCO TOLDADO;OPERACIÓN;GEN. DISTRIBUIDA;Solar;ND;RAD SOLAR;1;0,00;SI;ERCO GENERACION S.A.S. ESP;18/9/2024;2024;22/7/2026;4747116,857;1993471,842
553;TOLIMA;73268;ESPINAL;2ZHY;AUTOG CELSIA SOLAR ESPINAL;PRUEBAS;AUTOGENERADOR;Solar;ND;RAD SOLAR;9;0,00;NO;CELSIA COLOMBIA S.A. E.S.P.;3/5/2020;2020;22/7/2026;4789896,642;2018646,713
554;TOLIMA;73275;FLANDES;3GVI;GRANJA SOLAR FLANDES;PRUEBAS;NORMAL;Solar;ND;RAD SOLAR;20;0,00;SI;CELSIA COLOMBIA S.A. E.S.P.;20/2/2023;2023;22/7/2026;4796181,441;2027070,595
555;TOLIMA;73275;FLANDES;3GVK;CELSIA SOLAR DULIMA;PRUEBAS;NORMAL;Solar;ND;RAD SOLAR;20;0,00;SI;CELSIA COLOMBIA S.A. E.S.P.;6/2/2023;2023;22/7/2026;4796181,441;2027070,595
556;TOLIMA;73275;FLANDES;3GVM;CELSIA SOLAR YUMA;PRUEBAS;NORMAL;Solar;ND;RAD SOLAR;9;0,00;SI;CELSIA COLOMBIA S.A. E.S.P.;4/2/2023;2023;22/7/2026;4796181,441;2027070,595
557;TOLIMA;73275;FLANDES;3JPE;GD LOS CHORROS;OPERACIÓN;GEN. DISTRIBUIDA;Solar;ND;RAD SOLAR;1;0,00;SI;CELSIA COLOMBIA S.A. E.S.P.;15/2/2024;2024;22/7/2026;4796181,441;2027070,595
558;TOLIMA;73275;FLANDES;3JPC;GD CHICORAL;OPERACIÓN;GEN. DISTRIBUIDA;Solar;ND;RAD SOLAR;1;0,00;SI;CELSIA COLOMBIA S.A. E.S.P.;18/5/2024;2024;22/7/2026;4796181,441;2027070,595
559;TOLIMA;73275;FLANDES;3KOL;GD PALERMO;OPERACIÓN;GEN. DISTRIBUIDA;Solar;ND;RAD SOLAR;1;0,00;SI;CELSIA COLOMBIA S.A. E.S.P.;2/12/2024;2024;22/7/2026;4796181,441;2027070,595
560;TOLIMA;73319;GUAMO;3J85;NUMBANA;PRUEBAS;NORMAL;Solar;ND;RAD SOLAR;10;0,00;SI;ERCO GENERACION S.A.S. ESP;24/1/2024;2024;22/7/2026;4780654,013;2008721,708
561;TOLIMA;73319;GUAMO;3J83;GUAMO;PRUEBAS;NORMAL;Solar;ND;RAD SOLAR;9;0,00;SI;ERCO GENERACION S.A.S. ESP;24/1/2024;2024;22/7/2026;4780654,013;2008721,708
562;TOLIMA;73319;GUAMO;4VYB;GD ERCO GUAMO I;OPERACIÓN;GEN. DISTRIBUIDA;Solar;ND;RAD SOLAR;1;0,00;SI;ERCO GENERACION S.A.S. ESP;25/4/2025;2025;22/7/2026;4780654,013;2008721,708
563;TOLIMA;73319;GUAMO;4UZU;GD ERCO GUAMO II;OPERACIÓN;GEN. DISTRIBUIDA;Solar;ND;RAD SOLAR;1;0,00;SI;ERCO GENERACION S.A.S. ESP;29/3/2025;2025;22/7/2026;4780654,013;2008721,708
564;TOLIMA;73319;GUAMO;4ULY;GD ERCO GUAMO III;OPERACIÓN;GEN. DISTRIBUIDA;Solar;ND;RAD SOLAR;1;0,00;SI;ERCO GENERACION S.A.S. ESP;29/3/2025;2025;22/7/2026;4780654,013;2008721,708
565;TOLIMA;73319;GUAMO;4UM1;GD ERCO GUAMO IV;OPERACIÓN;GEN. DISTRIBUIDA;Solar;ND;RAD SOLAR;1;0,00;SI;ERCO GENERACION S.A.S. ESP;29/3/2025;2025;22/7/2026;4780654,013;2008721,708
568;TOLIMA;73001;IBAGUÉ;4YCF;SHANGRI LA;OPERACIÓN;NORMAL;Solar;DC;RAD SOLAR;160;0,00;NO;ISAGEN S.A. E.S.P.;22/10/2025;2025;22/7/2026;4750128,597;2050315,727
569;TOLIMA;73001;IBAGUÉ;5G3O;CELSIA SOLAR ESCOBAL I;PRUEBAS;NORMAL;Solar;ND;RAD SOLAR;20;0,00;SI;CELSIA COLOMBIA S.A. E.S.P.;24/12/2025;2025;22/7/2026;4750128,597;2050315,727
570;TOLIMA;73001;IBAGUÉ;5EES;CELSIA SOLAR ESCOBAL II;PRUEBAS;NORMAL;Solar;ND;RAD SOLAR;20;0,00;SI;CELSIA COLOMBIA S.A. E.S.P.;8/2/2026;2026;22/7/2026;4750128,597;2050315,727
571;TOLIMA;73001;IBAGUÉ;5EER;CELSIA SOLAR ESCOBAL III;PRUEBAS;NORMAL;Solar;ND;RAD SOLAR;20;0,00;SI;CELSIA COLOMBIA S.A. E.S.P.;2/3/2026;2026;22/7/2026;4750128,597;2050315,727
572;TOLIMA;73001;IBAGUÉ;5DWA;CELSIA SOLAR ESCOBAL IV;PRUEBAS;NORMAL;Solar;ND;RAD SOLAR;20;0,00;SI;CELSIA COLOMBIA S.A. E.S.P.;24/12/2025;2025;22/7/2026;4750128,597;2050315,727
573;TOLIMA;73001;IBAGUÉ;5E3N;CELSIA SOLAR ESCOBAL V;PRUEBAS;NORMAL;Solar;ND;RAD SOLAR;20;0,00;SI;CELSIA COLOMBIA S.A. E.S.P.;24/12/2025;2025;22/7/2026;4750128,597;2050315,727
574;VALLE DEL CAUCA;76364;JAMUNDÍ;4RG6;AUTOG CELSIA SOLAR TQ JAMUNDI;PRUEBAS;AUTOGENERADOR;Solar;ND;RAD SOLAR;2;0,00;NO;CELSIA COLOMBIA S.A. E.S.P.;5/3/2025;2025;22/7/2026;4596858,41;1913856,917
575;VALLE DEL CAUCA;76364;JAMUNDÍ;3QPE;GD BOCAS DEL PALO;OPERACIÓN;GEN. DISTRIBUIDA;Solar;ND;RAD SOLAR;0;0,00;SI;CELSIA COLOMBIA S.A. E.S.P.;27/12/2024;2024;22/7/2026;4596858,41;1913856,917
579;VALLE DEL CAUCA;76306;GINEBRA;5F49;AUTOG CARVAJAL GINEBRA;PRUEBAS;AUTOGENERADOR;Solar;ND;RAD SOLAR;3;0,00;SI;ENEL COLOMBIA SA ESP;14/11/2025;2025;22/7/2026;4645651,946;1972370,556
580;VALLE DEL CAUCA;76403;LA VICTORIA;3HF9;CELSIA SOLAR LA VICTORIA I;PRUEBAS;NORMAL;Solar;ND;RAD SOLAR;20;0,00;SI;CELSIA COLOMBIA S.A. E.S.P.;22/5/2023;2023;22/7/2026;4670860,876;2054090,777
581;VALLE DEL CAUCA;76403;LA VICTORIA;3HF7;CELSIA SOLAR LA VICTORIA II;PRUEBAS;NORMAL;Solar;ND;RAD SOLAR;20;0,00;SI;CELSIA COLOMBIA S.A. E.S.P.;23/5/2023;2023;22/7/2026;4670860,876;2054090,777
582;VALLE DEL CAUCA;76403;LA VICTORIA;3K6X;GD LA HONDA;OPERACIÓN;GEN. DISTRIBUIDA;Solar;ND;RAD SOLAR;1;0,00;SI;CELSIA COLOMBIA S.A. E.S.P.;13/3/2024;2024;22/7/2026;4670860,876;2054090,777
583;VALLE DEL CAUCA;76403;LA VICTORIA;3JP8;GD LA URIBE;OPERACIÓN;GEN. DISTRIBUIDA;Solar;ND;RAD SOLAR;1;0,00;SI;CELSIA COLOMBIA S.A. E.S.P.;13/3/2024;2024;22/7/2026;4670860,876;2054090,777
584;VALLE DEL CAUCA;76036;ANDALUCÍA;3LMJ;CELSIA SOLAR BUGALAGRANDE;PRUEBAS;NORMAL;Solar;ND;RAD SOLAR;10;0,00;SI;CELSIA COLOMBIA S.A. E.S.P.;30/7/2024;2024;22/7/2026;4649171,13;2017641,928
589;VALLE DEL CAUCA;76001;CALI;3JPA;GD ALFEREZ;OPERACIÓN;GEN. DISTRIBUIDA;Solar;ND;RAD SOLAR;1;0,00;SI;CELSIA COLOMBIA S.A. E.S.P.;21/2/2024;2024;22/7/2026;4602621,323;1934336,027
593;VALLE DEL CAUCA;76113;BUGALAGRANDE;3HS9;AUTOG BUGA I SOLLA;PRUEBAS;AUTOGENERADOR;Solar;ND;RAD SOLAR;5;0,00;NO;CELSIA COLOMBIA S.A. E.S.P.;6/6/2023;2023;22/7/2026;4657090,568;2022428,268
594;VALLE DEL CAUCA;76113;BUGALAGRANDE;3GSF;AUTOG BUGA I GRASAS;PRUEBAS;AUTOGENERADOR;Solar;ND;RAD SOLAR;4;0,00;NO;CELSIA COLOMBIA S.A. E.S.P.;24/1/2023;2023;22/7/2026;4657090,568;2022428,268
595;VALLE DEL CAUCA;76113;BUGALAGRANDE;3JP6;GD BASILICA;OPERACIÓN;GEN. DISTRIBUIDA;Solar;ND;RAD SOLAR;1;0,00;SI;CELSIA COLOMBIA S.A. E.S.P.;15/2/2024;2024;22/7/2026;4657090,568;2022428,268
596;VALLE DEL CAUCA;76113;BUGALAGRANDE;3Q7D;AUTOG BIOS FINCA BUGA;PRUEBAS;AUTOGENERADOR;Solar;ND;RAD SOLAR;1;0,00;NO;EMPRESAS PUBLICAS DE MEDELLIN E.S.P.;19/10/2024;2024;22/7/2026;4657090,568;2022428,268
597;VALLE DEL CAUCA;76113;BUGALAGRANDE;4WUM;AUTOG QBCO;OPERACIÓN;AUTOGENERADOR;Solar;ND;RAD SOLAR;3;0,00;NO;CELSIA COLOMBIA S.A. E.S.P.;23/12/2025;2025;22/7/2026;4657090,568;2022428,268
598;VALLE DEL CAUCA;76113;BUGALAGRANDE;4WUK;AUTOG COMOLSA;OPERACIÓN;AUTOGENERADOR;Solar;ND;RAD SOLAR;3;0,00;NO;CELSIA COLOMBIA S.A. E.S.P.;23/12/2025;2025;22/7/2026;4657090,568;2022428,268
599;VALLE DEL CAUCA;76113;BUGALAGRANDE;4VYM;AUTOG MOLINOS SANTA MARTA;OPERACIÓN;AUTOGENERADOR;Solar;ND;RAD SOLAR;3;0,00;NO;CELSIA COLOMBIA S.A. E.S.P.;23/12/2025;2025;22/7/2026;4657090,568;2022428,268
601;VALLE DEL CAUCA;76130;CANDELARIA;3ACC;CELSIA SOLAR CARMELO;PRUEBAS;AUTOGENERADOR;Solar;ND;RAD SOLAR;9;0,00;SI;CELSIA COLOMBIA S.A. E.S.P.;3/12/2020;2020;22/7/2026;4624120,062;1932382,457
602;VALLE DEL CAUCA;76147;CARTAGO;3KVZ;AUTOG BIOS CONTEGRAL CARTAGO;PRUEBAS;AUTOGENERADOR;Solar;ND;RAD SOLAR;3;0,00;NO;EMPRESAS PUBLICAS DE MEDELLIN E.S.P.;22/5/2024;2024;22/7/2026;4676387,8;2078777,768
604;VALLE DEL CAUCA;76233;DAGUA;3GI6;GRANJA SOLAR EL SALADO;OPERACIÓN;NORMAL;Solar;ND;RAD SOLAR;0;0,00;SI;FUENTES DE ENERGIAS RENOVABLES S.A.S. E.S.P.;16/6/2023;2023;22/7/2026;4586720,123;1962167,761
606;VALLE DEL CAUCA;76520;PALMIRA;3PWF;AUTOG SOLAR PALMIRA II BERRY;OPERACIÓN;AUTOGENERADOR;Solar;ND;RAD SOLAR;5;0,00;NO;CELSIA COLOMBIA S.A. E.S.P.;12/12/2025;2025;22/7/2026;4641461,697;1951834,164
609;VALLE DEL CAUCA;76520;PALMIRA;4UZM;SOLAR PALMASECA I;PRUEBAS;NORMAL;Solar;ND;RAD SOLAR;13;0,00;SI;CELSIA COLOMBIA S.A. E.S.P.;26/4/2025;2025;22/7/2026;4641461,697;1951834,164
610;VALLE DEL CAUCA;76520;PALMIRA;4UZO;SOLAR PALMASECA II;PRUEBAS;NORMAL;Solar;ND;RAD SOLAR;12;0,00;SI;CELSIA COLOMBIA S.A. E.S.P.;8/9/2025;2025;22/7/2026;4641461,697;1951834,164
611;VALLE DEL CAUCA;76520;PALMIRA;3HE8;AUTOG CELSIA SOLAR PALMIRA 3 ZONA FRANCA;PRUEBAS;AUTOGENERADOR;Solar;ND;RAD SOLAR;3;0,00;NO;CELSIA COLOMBIA S.A. E.S.P.;18/3/2023;2023;22/7/2026;4641461,697;1951834,164
612;VALLE DEL CAUCA;76520;PALMIRA;3FCD;AUTOG CELSIA SOLAR PALMIRA 3;PRUEBAS;AUTOGENERADOR;Solar;ND;RAD SOLAR;5;0,00;NO;CELSIA COLOMBIA S.A. E.S.P.;1/12/2022;2022;22/7/2026;4641461,697;1951834,164
620;VALLE DEL CAUCA;76834;TULUÁ;3EP6;AUTOG CELSIA SOLAR HARINAS;PRUEBAS;AUTOGENERADOR;Solar;ND;RAD SOLAR;2;0,00;NO;CELSIA COLOMBIA S.A. E.S.P.;14/8/2022;2022;22/7/2026;4663361,55;2003766,485
621;VALLE DEL CAUCA;76834;TULUÁ;3E7C;AUTOG CELSIA SOLAR LEVAPAN;PRUEBAS;AUTOGENERADOR;Solar;ND;RAD SOLAR;5;0,00;NO;CELSIA COLOMBIA S.A. E.S.P.;6/5/2022;2022;22/7/2026;4663361,55;2003766,485
628;VALLE DEL CAUCA;76892;YUMBO;3K8A;CELSIA SOLAR ALUMINA;PRUEBAS;AUTOGENERADOR;Solar;ND;RAD SOLAR;2;0,00;NO;CELSIA COLOMBIA S.A. E.S.P.;22/3/2024;2024;22/7/2026;4609990,753;1956101,815
630;VALLE DEL CAUCA;76892;YUMBO;2TYI;AUTOG CELSIA SOLAR YUMBO;PRUEBAS;AUTOGENERADOR;Solar;ND;RAD SOLAR;9;0,00;NO;CELSIA COLOMBIA S.A. E.S.P.;2/11/2019;2019;22/7/2026;4609990,753;1956101,815
631;VALLE DEL CAUCA;76895;ZARZAL;3BZB;CELSIA SOLAR LA PAILA;PRUEBAS;NORMAL;Solar;ND;RAD SOLAR;10;0,00;SI;CELSIA COLOMBIA S.A. E.S.P.;29/7/2021;2021;22/7/2026;4661487,345;2039754,081
